algorithm,repeat,multiplier,Delta_K,S_T_over_T,status,cost
UCB appendix,0,0.0,0.0,0.08482333004202518,ok,41941
UCB direct,0,0.0,0.0,0.08482333004202518,ok,36906
TS appendix,0,0.0,0.0,0.08482333004202518,ok,64850
TS direct,0,0.0,0.0,0.08482333004202518,ok,53631
Xu2021 observation-free UCB,0,0.0,0.0,0.08482333004202518,infeasible,
Xu2021 observation-free TS,0,0.0,0.0,0.08482333004202518,infeasible,
UCB appendix,0,0.1,0.008482333004202518,0.08482333004202518,ok,40026
UCB direct,0,0.1,0.008482333004202518,0.08482333004202518,ok,35511
TS appendix,0,0.1,0.008482333004202518,0.08482333004202518,ok,62819
TS direct,0,0.1,0.008482333004202518,0.08482333004202518,ok,52379
Xu2021 observation-free UCB,0,0.1,0.008482333004202518,0.08482333004202518,infeasible,3392934.0
Xu2021 observation-free TS,0,0.1,0.008482333004202518,0.08482333004202518,infeasible,3392934.0
UCB appendix,0,0.2,0.016964666008405037,0.08482333004202518,ok,38109
UCB direct,0,0.2,0.016964666008405037,0.08482333004202518,ok,34092
TS appendix,0,0.2,0.016964666008405037,0.08482333004202518,ok,60785
TS direct,0,0.2,0.016964666008405037,0.08482333004202518,ok,51106
Xu2021 observation-free UCB,0,0.2,0.016964666008405037,0.08482333004202518,infeasible,848234.0
Xu2021 observation-free TS,0,0.2,0.016964666008405037,0.08482333004202518,infeasible,848234.0
UCB appendix,0,0.3,0.025446999012607552,0.08482333004202518,ok,36193
UCB direct,0,0.3,0.025446999012607552,0.08482333004202518,ok,32649
TS appendix,0,0.3,0.025446999012607552,0.08482333004202518,ok,58748
TS direct,0,0.3,0.025446999012607552,0.08482333004202518,ok,49810
Xu2021 observation-free UCB,0,0.3,0.025446999012607552,0.08482333004202518,infeasible,376994.0
Xu2021 observation-free TS,0,0.3,0.025446999012607552,0.08482333004202518,infeasible,376994.0
UCB appendix,0,0.4,0.033929332016810074,0.08482333004202518,ok,34279
UCB direct,0,0.4,0.033929332016810074,0.08482333004202518,ok,31180
TS appendix,0,0.4,0.033929332016810074,0.08482333004202518,ok,56715
TS direct,0,0.4,0.033929332016810074,0.08482333004202518,ok,48492
Xu2021 observation-free UCB,0,0.4,0.033929332016810074,0.08482333004202518,infeasible,212060.0
Xu2021 observation-free TS,0,0.4,0.033929332016810074,0.08482333004202518,infeasible,212060.0
UCB appendix,0,0.5,0.04241166502101259,0.08482333004202518,ok,32358
UCB direct,0,0.5,0.04241166502101259,0.08482333004202518,ok,29685
TS appendix,0,0.5,0.04241166502101259,0.08482333004202518,ok,54676
TS direct,0,0.5,0.04241166502101259,0.08482333004202518,ok,47150
Xu2021 observation-free UCB,0,0.5,0.04241166502101259,0.08482333004202518,ok,135718.0
Xu2021 observation-free TS,0,0.5,0.04241166502101259,0.08482333004202518,ok,135718.0
UCB appendix,0,0.75,0.06361749753151888,0.08482333004202518,ok,27563
UCB direct,0,0.75,0.06361749753151888,0.08482333004202518,ok,25829
TS appendix,0,0.75,0.06361749753151888,0.08482333004202518,ok,49580
TS direct,0,0.75,0.06361749753151888,0.08482333004202518,ok,43690
Xu2021 observation-free UCB,0,0.75,0.06361749753151888,0.08482333004202518,ok,60320.0
Xu2021 observation-free TS,0,0.75,0.06361749753151888,0.08482333004202518,ok,60320.0
UCB appendix,0,1.0,0.08482333004202518,0.08482333004202518,ok,22761
UCB direct,0,1.0,0.08482333004202518,0.08482333004202518,ok,21794
TS appendix,0,1.0,0.08482333004202518,0.08482333004202518,ok,44476
TS direct,0,1.0,0.08482333004202518,0.08482333004202518,ok,40069
Xu2021 observation-free UCB,0,1.0,0.08482333004202518,0.08482333004202518,ok,33930.0
Xu2021 observation-free TS,0,1.0,0.08482333004202518,0.08482333004202518,ok,33930.0
UCB appendix,0,1.5,0.12723499506303776,0.08482333004202518,ok,13313
UCB direct,0,1.5,0.12723499506303776,0.08482333004202518,ok,13226
TS appendix,0,1.5,0.12723499506303776,0.08482333004202518,ok,34249
TS direct,0,1.5,0.12723499506303776,0.08482333004202518,ok,32299
Xu2021 observation-free UCB,0,1.5,0.12723499506303776,0.08482333004202518,ok,15080.0
Xu2021 observation-free TS,0,1.5,0.12723499506303776,0.08482333004202518,ok,15080.0
UCB appendix,0,2.0,0.16964666008405035,0.08482333004202518,ok,7897
UCB direct,0,2.0,0.16964666008405035,0.08482333004202518,ok,7866
TS appendix,0,2.0,0.16964666008405035,0.08482333004202518,ok,23987
TS direct,0,2.0,0.16964666008405035,0.08482333004202518,ok,23736
Xu2021 observation-free UCB,0,2.0,0.16964666008405035,0.08482333004202518,ok,8484.0
Xu2021 observation-free TS,0,2.0,0.16964666008405035,0.08482333004202518,ok,8484.0
UCB appendix,0,3.0,0.2544699901260755,0.08482333004202518,ok,3738
UCB direct,0,3.0,0.2544699901260755,0.08482333004202518,ok,3724
TS appendix,0,3.0,0.2544699901260755,0.08482333004202518,ok,11362
TS direct,0,3.0,0.2544699901260755,0.08482333004202518,ok,11350
Xu2021 observation-free UCB,0,3.0,0.2544699901260755,0.08482333004202518,ok,3770.0
Xu2021 observation-free TS,0,3.0,0.2544699901260755,0.08482333004202518,ok,3770.0
UCB appendix,0,4.0,0.3392933201681007,0.08482333004202518,ok,2186
UCB direct,0,4.0,0.3392933201681007,0.08482333004202518,ok,2177
TS appendix,0,4.0,0.3392933201681007,0.08482333004202518,ok,6775
TS direct,0,4.0,0.3392933201681007,0.08482333004202518,ok,6764
Xu2021 observation-free UCB,0,4.0,0.3392933201681007,0.08482333004202518,ok,2122.0
Xu2021 observation-free TS,0,4.0,0.3392933201681007,0.08482333004202518,ok,2122.0
UCB appendix,0,5.0,0.4241166502101259,0.08482333004202518,ok,1439
UCB direct,0,5.0,0.4241166502101259,0.08482333004202518,ok,1430
TS appendix,0,5.0,0.4241166502101259,0.08482333004202518,ok,4598
TS direct,0,5.0,0.4241166502101259,0.08482333004202518,ok,4587
Xu2021 observation-free UCB,0,5.0,0.4241166502101259,0.08482333004202518,ok,1358.0
Xu2021 observation-free TS,0,5.0,0.4241166502101259,0.08482333004202518,ok,1358.0
UCB appendix,0,6.0,0.508939980252151,0.08482333004202518,ok,1021
UCB direct,0,6.0,0.508939980252151,0.08482333004202518,ok,1012
TS appendix,0,6.0,0.508939980252151,0.08482333004202518,ok,3403
TS direct,0,6.0,0.508939980252151,0.08482333004202518,ok,3390
Xu2021 observation-free UCB,0,6.0,0.508939980252151,0.08482333004202518,ok,944.0
Xu2021 observation-free TS,0,6.0,0.508939980252151,0.08482333004202518,ok,944.0
UCB appendix,1,0.0,0.0,0.08482333004202518,ok,41894
UCB direct,1,0.0,0.0,0.08482333004202518,ok,36868
TS appendix,1,0.0,0.0,0.08482333004202518,ok,64813
TS direct,1,0.0,0.0,0.08482333004202518,ok,53602
Xu2021 observation-free UCB,1,0.0,0.0,0.08482333004202518,infeasible,
Xu2021 observation-free TS,1,0.0,0.0,0.08482333004202518,infeasible,
UCB appendix,1,0.1,0.008482333004202518,0.08482333004202518,ok,39980
UCB direct,1,0.1,0.008482333004202518,0.08482333004202518,ok,35473
TS appendix,1,0.1,0.008482333004202518,0.08482333004202518,ok,62778
TS direct,1,0.1,0.008482333004202518,0.08482333004202518,ok,52350
Xu2021 observation-free UCB,1,0.1,0.008482333004202518,0.08482333004202518,infeasible,3392934.0
Xu2021 observation-free TS,1,0.1,0.008482333004202518,0.08482333004202518,infeasible,3392934.0
UCB appendix,1,0.2,0.016964666008405037,0.08482333004202518,ok,38062
UCB direct,1,0.2,0.016964666008405037,0.08482333004202518,ok,34053
TS appendix,1,0.2,0.016964666008405037,0.08482333004202518,ok,60747
TS direct,1,0.2,0.016964666008405037,0.08482333004202518,ok,51077
Xu2021 observation-free UCB,1,0.2,0.016964666008405037,0.08482333004202518,infeasible,848234.0
Xu2021 observation-free TS,1,0.2,0.016964666008405037,0.08482333004202518,infeasible,848234.0
UCB appendix,1,0.3,0.025446999012607552,0.08482333004202518,ok,36148
UCB direct,1,0.3,0.025446999012607552,0.08482333004202518,ok,32609
TS appendix,1,0.3,0.025446999012607552,0.08482333004202518,ok,58713
TS direct,1,0.3,0.025446999012607552,0.08482333004202518,ok,49781
Xu2021 observation-free UCB,1,0.3,0.025446999012607552,0.08482333004202518,infeasible,376994.0
Xu2021 observation-free TS,1,0.3,0.025446999012607552,0.08482333004202518,infeasible,376994.0
UCB appendix,1,0.4,0.033929332016810074,0.08482333004202518,ok,34231
UCB direct,1,0.4,0.033929332016810074,0.08482333004202518,ok,31140
TS appendix,1,0.4,0.033929332016810074,0.08482333004202518,ok,56674
TS direct,1,0.4,0.033929332016810074,0.08482333004202518,ok,48462
Xu2021 observation-free UCB,1,0.4,0.033929332016810074,0.08482333004202518,infeasible,212060.0
Xu2021 observation-free TS,1,0.4,0.033929332016810074,0.08482333004202518,infeasible,212060.0
UCB appendix,1,0.5,0.04241166502101259,0.08482333004202518,ok,32311
UCB direct,1,0.5,0.04241166502101259,0.08482333004202518,ok,29645
TS appendix,1,0.5,0.04241166502101259,0.08482333004202518,ok,54641
TS direct,1,0.5,0.04241166502101259,0.08482333004202518,ok,47120
Xu2021 observation-free UCB,1,0.5,0.04241166502101259,0.08482333004202518,ok,135718.0
Xu2021 observation-free TS,1,0.5,0.04241166502101259,0.08482333004202518,ok,135718.0
UCB appendix,1,0.75,0.06361749753151888,0.08482333004202518,ok,27516
UCB direct,1,0.75,0.06361749753151888,0.08482333004202518,ok,25788
TS appendix,1,0.75,0.06361749753151888,0.08482333004202518,ok,49545
TS direct,1,0.75,0.06361749753151888,0.08482333004202518,ok,43659
Xu2021 observation-free UCB,1,0.75,0.06361749753151888,0.08482333004202518,ok,60320.0
Xu2021 observation-free TS,1,0.75,0.06361749753151888,0.08482333004202518,ok,60320.0
UCB appendix,1,1.0,0.08482333004202518,0.08482333004202518,ok,22713
UCB direct,1,1.0,0.08482333004202518,0.08482333004202518,ok,21752
TS appendix,1,1.0,0.08482333004202518,0.08482333004202518,ok,44440
TS direct,1,1.0,0.08482333004202518,0.08482333004202518,ok,40038
Xu2021 observation-free UCB,1,1.0,0.08482333004202518,0.08482333004202518,ok,33930.0
Xu2021 observation-free TS,1,1.0,0.08482333004202518,0.08482333004202518,ok,33930.0
UCB appendix,1,1.5,0.12723499506303776,0.08482333004202518,ok,13271
UCB direct,1,1.5,0.12723499506303776,0.08482333004202518,ok,13184
TS appendix,1,1.5,0.12723499506303776,0.08482333004202518,ok,34212
TS direct,1,1.5,0.12723499506303776,0.08482333004202518,ok,32267
Xu2021 observation-free UCB,1,1.5,0.12723499506303776,0.08482333004202518,ok,15080.0
Xu2021 observation-free TS,1,1.5,0.12723499506303776,0.08482333004202518,ok,15080.0
UCB appendix,1,2.0,0.16964666008405035,0.08482333004202518,ok,7865
UCB direct,1,2.0,0.16964666008405035,0.08482333004202518,ok,7835
TS appendix,1,2.0,0.16964666008405035,0.08482333004202518,ok,23950
TS direct,1,2.0,0.16964666008405035,0.08482333004202518,ok,23702
Xu2021 observation-free UCB,1,2.0,0.16964666008405035,0.08482333004202518,ok,8484.0
Xu2021 observation-free TS,1,2.0,0.16964666008405035,0.08482333004202518,ok,8484.0
UCB appendix,1,3.0,0.2544699901260755,0.08482333004202518,ok,3717
UCB direct,1,3.0,0.2544699901260755,0.08482333004202518,ok,3703
TS appendix,1,3.0,0.2544699901260755,0.08482333004202518,ok,11337
TS direct,1,3.0,0.2544699901260755,0.08482333004202518,ok,11326
Xu2021 observation-free UCB,1,3.0,0.2544699901260755,0.08482333004202518,ok,3770.0
Xu2021 observation-free TS,1,3.0,0.2544699901260755,0.08482333004202518,ok,3770.0
UCB appendix,1,4.0,0.3392933201681007,0.08482333004202518,ok,2171
UCB direct,1,4.0,0.3392933201681007,0.08482333004202518,ok,2162
TS appendix,1,4.0,0.3392933201681007,0.08482333004202518,ok,6754
TS direct,1,4.0,0.3392933201681007,0.08482333004202518,ok,6746
Xu2021 observation-free UCB,1,4.0,0.3392933201681007,0.08482333004202518,ok,2122.0
Xu2021 observation-free TS,1,4.0,0.3392933201681007,0.08482333004202518,ok,2122.0
UCB appendix,1,5.0,0.4241166502101259,0.08482333004202518,ok,1426
UCB direct,1,5.0,0.4241166502101259,0.08482333004202518,ok,1417
TS appendix,1,5.0,0.4241166502101259,0.08482333004202518,ok,4582
TS direct,1,5.0,0.4241166502101259,0.08482333004202518,ok,4572
Xu2021 observation-free UCB,1,5.0,0.4241166502101259,0.08482333004202518,ok,1358.0
Xu2021 observation-free TS,1,5.0,0.4241166502101259,0.08482333004202518,ok,1358.0
UCB appendix,1,6.0,0.508939980252151,0.08482333004202518,ok,1011
UCB direct,1,6.0,0.508939980252151,0.08482333004202518,ok,1002
TS appendix,1,6.0,0.508939980252151,0.08482333004202518,ok,3389
TS direct,1,6.0,0.508939980252151,0.08482333004202518,ok,3378
Xu2021 observation-free UCB,1,6.0,0.508939980252151,0.08482333004202518,ok,944.0
Xu2021 observation-free TS,1,6.0,0.508939980252151,0.08482333004202518,ok,944.0
UCB appendix,2,0.0,0.0,0.08482333004202518,ok,41940
UCB direct,2,0.0,0.0,0.08482333004202518,ok,36906
TS appendix,2,0.0,0.0,0.08482333004202518,ok,64851
TS direct,2,0.0,0.0,0.08482333004202518,ok,53631
Xu2021 observation-free UCB,2,0.0,0.0,0.08482333004202518,infeasible,
Xu2021 observation-free TS,2,0.0,0.0,0.08482333004202518,infeasible,
UCB appendix,2,0.1,0.008482333004202518,0.08482333004202518,ok,40026
UCB direct,2,0.1,0.008482333004202518,0.08482333004202518,ok,35511
TS appendix,2,0.1,0.008482333004202518,0.08482333004202518,ok,62818
TS direct,2,0.1,0.008482333004202518,0.08482333004202518,ok,52379
Xu2021 observation-free UCB,2,0.1,0.008482333004202518,0.08482333004202518,infeasible,3392934.0
Xu2021 observation-free TS,2,0.1,0.008482333004202518,0.08482333004202518,infeasible,3392934.0
UCB appendix,2,0.2,0.016964666008405037,0.08482333004202518,ok,38110
UCB direct,2,0.2,0.016964666008405037,0.08482333004202518,ok,34092
TS appendix,2,0.2,0.016964666008405037,0.08482333004202518,ok,60786
TS direct,2,0.2,0.016964666008405037,0.08482333004202518,ok,51106
Xu2021 observation-free UCB,2,0.2,0.016964666008405037,0.08482333004202518,infeasible,848234.0
Xu2021 observation-free TS,2,0.2,0.016964666008405037,0.08482333004202518,infeasible,848234.0
UCB appendix,2,0.3,0.025446999012607552,0.08482333004202518,ok,36192
UCB direct,2,0.3,0.025446999012607552,0.08482333004202518,ok,32649
TS appendix,2,0.3,0.025446999012607552,0.08482333004202518,ok,58749
TS direct,2,0.3,0.025446999012607552,0.08482333004202518,ok,49810
Xu2021 observation-free UCB,2,0.3,0.025446999012607552,0.08482333004202518,infeasible,376994.0
Xu2021 observation-free TS,2,0.3,0.025446999012607552,0.08482333004202518,infeasible,376994.0
UCB appendix,2,0.4,0.033929332016810074,0.08482333004202518,ok,34278
UCB direct,2,0.4,0.033929332016810074,0.08482333004202518,ok,31180
TS appendix,2,0.4,0.033929332016810074,0.08482333004202518,ok,56714
TS direct,2,0.4,0.033929332016810074,0.08482333004202518,ok,48492
Xu2021 observation-free UCB,2,0.4,0.033929332016810074,0.08482333004202518,infeasible,212060.0
Xu2021 observation-free TS,2,0.4,0.033929332016810074,0.08482333004202518,infeasible,212060.0
UCB appendix,2,0.5,0.04241166502101259,0.08482333004202518,ok,32359
UCB direct,2,0.5,0.04241166502101259,0.08482333004202518,ok,29685
TS appendix,2,0.5,0.04241166502101259,0.08482333004202518,ok,54675
TS direct,2,0.5,0.04241166502101259,0.08482333004202518,ok,47150
Xu2021 observation-free UCB,2,0.5,0.04241166502101259,0.08482333004202518,ok,135718.0
Xu2021 observation-free TS,2,0.5,0.04241166502101259,0.08482333004202518,ok,135718.0
UCB appendix,2,0.75,0.06361749753151888,0.08482333004202518,ok,27562
UCB direct,2,0.75,0.06361749753151888,0.08482333004202518,ok,25829
TS appendix,2,0.75,0.06361749753151888,0.08482333004202518,ok,49579
TS direct,2,0.75,0.06361749753151888,0.08482333004202518,ok,43690
Xu2021 observation-free UCB,2,0.75,0.06361749753151888,0.08482333004202518,ok,60320.0
Xu2021 observation-free TS,2,0.75,0.06361749753151888,0.08482333004202518,ok,60320.0
UCB appendix,2,1.0,0.08482333004202518,0.08482333004202518,ok,22762
UCB direct,2,1.0,0.08482333004202518,0.08482333004202518,ok,21794
TS appendix,2,1.0,0.08482333004202518,0.08482333004202518,ok,44476
TS direct,2,1.0,0.08482333004202518,0.08482333004202518,ok,40069
Xu2021 observation-free UCB,2,1.0,0.08482333004202518,0.08482333004202518,ok,33930.0
Xu2021 observation-free TS,2,1.0,0.08482333004202518,0.08482333004202518,ok,33930.0
UCB appendix,2,1.5,0.12723499506303776,0.08482333004202518,ok,13313
UCB direct,2,1.5,0.12723499506303776,0.08482333004202518,ok,13226
TS appendix,2,1.5,0.12723499506303776,0.08482333004202518,ok,34250
TS direct,2,1.5,0.12723499506303776,0.08482333004202518,ok,32299
Xu2021 observation-free UCB,2,1.5,0.12723499506303776,0.08482333004202518,ok,15080.0
Xu2021 observation-free TS,2,1.5,0.12723499506303776,0.08482333004202518,ok,15080.0
UCB appendix,2,2.0,0.16964666008405035,0.08482333004202518,ok,7898
UCB direct,2,2.0,0.16964666008405035,0.08482333004202518,ok,7867
TS appendix,2,2.0,0.16964666008405035,0.08482333004202518,ok,23987
TS direct,2,2.0,0.16964666008405035,0.08482333004202518,ok,23736
Xu2021 observation-free UCB,2,2.0,0.16964666008405035,0.08482333004202518,ok,8484.0
Xu2021 observation-free TS,2,2.0,0.16964666008405035,0.08482333004202518,ok,8484.0
UCB appendix,2,3.0,0.2544699901260755,0.08482333004202518,ok,3739
UCB direct,2,3.0,0.2544699901260755,0.08482333004202518,ok,3724
TS appendix,2,3.0,0.2544699901260755,0.08482333004202518,ok,11363
TS direct,2,3.0,0.2544699901260755,0.08482333004202518,ok,11350
Xu2021 observation-free UCB,2,3.0,0.2544699901260755,0.08482333004202518,ok,3770.0
Xu2021 observation-free TS,2,3.0,0.2544699901260755,0.08482333004202518,ok,3770.0
UCB appendix,2,4.0,0.3392933201681007,0.08482333004202518,ok,2187
UCB direct,2,4.0,0.3392933201681007,0.08482333004202518,ok,2178
TS appendix,2,4.0,0.3392933201681007,0.08482333004202518,ok,6774
TS direct,2,4.0,0.3392933201681007,0.08482333004202518,ok,6764
Xu2021 observation-free UCB,2,4.0,0.3392933201681007,0.08482333004202518,ok,2122.0
Xu2021 observation-free TS,2,4.0,0.3392933201681007,0.08482333004202518,ok,2122.0
UCB appendix,2,5.0,0.4241166502101259,0.08482333004202518,ok,1439
UCB direct,2,5.0,0.4241166502101259,0.08482333004202518,ok,1430
TS appendix,2,5.0,0.4241166502101259,0.08482333004202518,ok,4598
TS direct,2,5.0,0.4241166502101259,0.08482333004202518,ok,4587
Xu2021 observation-free UCB,2,5.0,0.4241166502101259,0.08482333004202518,ok,1358.0
Xu2021 observation-free TS,2,5.0,0.4241166502101259,0.08482333004202518,ok,1358.0
UCB appendix,2,6.0,0.508939980252151,0.08482333004202518,ok,1022
UCB direct,2,6.0,0.508939980252151,0.08482333004202518,ok,1013
TS appendix,2,6.0,0.508939980252151,0.08482333004202518,ok,3403
TS direct,2,6.0,0.508939980252151,0.08482333004202518,ok,3390
Xu2021 observation-free UCB,2,6.0,0.508939980252151,0.08482333004202518,ok,944.0
Xu2021 observation-free TS,2,6.0,0.508939980252151,0.08482333004202518,ok,944.0
UCB appendix,3,0.0,0.0,0.08482333004202518,ok,41862
UCB direct,3,0.0,0.0,0.08482333004202518,ok,36842
TS appendix,3,0.0,0.0,0.08482333004202518,ok,64788
TS direct,3,0.0,0.0,0.08482333004202518,ok,53584
Xu2021 observation-free UCB,3,0.0,0.0,0.08482333004202518,infeasible,
Xu2021 observation-free TS,3,0.0,0.0,0.08482333004202518,infeasible,
UCB appendix,3,0.1,0.008482333004202518,0.08482333004202518,ok,39948
UCB direct,3,0.1,0.008482333004202518,0.08482333004202518,ok,35446
TS appendix,3,0.1,0.008482333004202518,0.08482333004202518,ok,62754
TS direct,3,0.1,0.008482333004202518,0.08482333004202518,ok,52331
Xu2021 observation-free UCB,3,0.1,0.008482333004202518,0.08482333004202518,infeasible,3392934.0
Xu2021 observation-free TS,3,0.1,0.008482333004202518,0.08482333004202518,infeasible,3392934.0
UCB appendix,3,0.2,0.016964666008405037,0.08482333004202518,ok,38030
UCB direct,3,0.2,0.016964666008405037,0.08482333004202518,ok,34027
TS appendix,3,0.2,0.016964666008405037,0.08482333004202518,ok,60723
TS direct,3,0.2,0.016964666008405037,0.08482333004202518,ok,51058
Xu2021 observation-free UCB,3,0.2,0.016964666008405037,0.08482333004202518,infeasible,848234.0
Xu2021 observation-free TS,3,0.2,0.016964666008405037,0.08482333004202518,infeasible,848234.0
UCB appendix,3,0.3,0.025446999012607552,0.08482333004202518,ok,36117
UCB direct,3,0.3,0.025446999012607552,0.08482333004202518,ok,32582
TS appendix,3,0.3,0.025446999012607552,0.08482333004202518,ok,58686
TS direct,3,0.3,0.025446999012607552,0.08482333004202518,ok,49762
Xu2021 observation-free UCB,3,0.3,0.025446999012607552,0.08482333004202518,infeasible,376994.0
Xu2021 observation-free TS,3,0.3,0.025446999012607552,0.08482333004202518,infeasible,376994.0
UCB appendix,3,0.4,0.033929332016810074,0.08482333004202518,ok,34200
UCB direct,3,0.4,0.033929332016810074,0.08482333004202518,ok,31113
TS appendix,3,0.4,0.033929332016810074,0.08482333004202518,ok,56651
TS direct,3,0.4,0.033929332016810074,0.08482333004202518,ok,48443
Xu2021 observation-free UCB,3,0.4,0.033929332016810074,0.08482333004202518,infeasible,212060.0
Xu2021 observation-free TS,3,0.4,0.033929332016810074,0.08482333004202518,infeasible,212060.0
UCB appendix,3,0.5,0.04241166502101259,0.08482333004202518,ok,32279
UCB direct,3,0.5,0.04241166502101259,0.08482333004202518,ok,29617
TS appendix,3,0.5,0.04241166502101259,0.08482333004202518,ok,54613
TS direct,3,0.5,0.04241166502101259,0.08482333004202518,ok,47101
Xu2021 observation-free UCB,3,0.5,0.04241166502101259,0.08482333004202518,ok,135718.0
Xu2021 observation-free TS,3,0.5,0.04241166502101259,0.08482333004202518,ok,135718.0
UCB appendix,3,0.75,0.06361749753151888,0.08482333004202518,ok,27486
UCB direct,3,0.75,0.06361749753151888,0.08482333004202518,ok,25760
TS appendix,3,0.75,0.06361749753151888,0.08482333004202518,ok,49517
TS direct,3,0.75,0.06361749753151888,0.08482333004202518,ok,43639
Xu2021 observation-free UCB,3,0.75,0.06361749753151888,0.08482333004202518,ok,60320.0
Xu2021 observation-free TS,3,0.75,0.06361749753151888,0.08482333004202518,ok,60320.0
UCB appendix,3,1.0,0.08482333004202518,0.08482333004202518,ok,22683
UCB direct,3,1.0,0.08482333004202518,0.08482333004202518,ok,21723
TS appendix,3,1.0,0.08482333004202518,0.08482333004202518,ok,44414
TS direct,3,1.0,0.08482333004202518,0.08482333004202518,ok,40017
Xu2021 observation-free UCB,3,1.0,0.08482333004202518,0.08482333004202518,ok,33930.0
Xu2021 observation-free TS,3,1.0,0.08482333004202518,0.08482333004202518,ok,33930.0
UCB appendix,3,1.5,0.12723499506303776,0.08482333004202518,ok,13243
UCB direct,3,1.5,0.12723499506303776,0.08482333004202518,ok,13156
TS appendix,3,1.5,0.12723499506303776,0.08482333004202518,ok,34188
TS direct,3,1.5,0.12723499506303776,0.08482333004202518,ok,32245
Xu2021 observation-free UCB,3,1.5,0.12723499506303776,0.08482333004202518,ok,15080.0
Xu2021 observation-free TS,3,1.5,0.12723499506303776,0.08482333004202518,ok,15080.0
UCB appendix,3,2.0,0.16964666008405035,0.08482333004202518,ok,7843
UCB direct,3,2.0,0.16964666008405035,0.08482333004202518,ok,7814
TS appendix,3,2.0,0.16964666008405035,0.08482333004202518,ok,23928
TS direct,3,2.0,0.16964666008405035,0.08482333004202518,ok,23679
Xu2021 observation-free UCB,3,2.0,0.16964666008405035,0.08482333004202518,ok,8484.0
Xu2021 observation-free TS,3,2.0,0.16964666008405035,0.08482333004202518,ok,8484.0
UCB appendix,3,3.0,0.2544699901260755,0.08482333004202518,ok,3702
UCB direct,3,3.0,0.2544699901260755,0.08482333004202518,ok,3689
TS appendix,3,3.0,0.2544699901260755,0.08482333004202518,ok,11320
TS direct,3,3.0,0.2544699901260755,0.08482333004202518,ok,11309
Xu2021 observation-free UCB,3,3.0,0.2544699901260755,0.08482333004202518,ok,3770.0
Xu2021 observation-free TS,3,3.0,0.2544699901260755,0.08482333004202518,ok,3770.0
UCB appendix,3,4.0,0.3392933201681007,0.08482333004202518,ok,2160
UCB direct,3,4.0,0.3392933201681007,0.08482333004202518,ok,2151
TS appendix,3,4.0,0.3392933201681007,0.08482333004202518,ok,6741
TS direct,3,4.0,0.3392933201681007,0.08482333004202518,ok,6733
Xu2021 observation-free UCB,3,4.0,0.3392933201681007,0.08482333004202518,ok,2122.0
Xu2021 observation-free TS,3,4.0,0.3392933201681007,0.08482333004202518,ok,2122.0
UCB appendix,3,5.0,0.4241166502101259,0.08482333004202518,ok,1418
UCB direct,3,5.0,0.4241166502101259,0.08482333004202518,ok,1409
TS appendix,3,5.0,0.4241166502101259,0.08482333004202518,ok,4572
TS direct,3,5.0,0.4241166502101259,0.08482333004202518,ok,4562
Xu2021 observation-free UCB,3,5.0,0.4241166502101259,0.08482333004202518,ok,1358.0
Xu2021 observation-free TS,3,5.0,0.4241166502101259,0.08482333004202518,ok,1358.0
UCB appendix,3,6.0,0.508939980252151,0.08482333004202518,ok,1004
UCB direct,3,6.0,0.508939980252151,0.08482333004202518,ok,995
TS appendix,3,6.0,0.508939980252151,0.08482333004202518,ok,3381
TS direct,3,6.0,0.508939980252151,0.08482333004202518,ok,3369
Xu2021 observation-free UCB,3,6.0,0.508939980252151,0.08482333004202518,ok,944.0
Xu2021 observation-free TS,3,6.0,0.508939980252151,0.08482333004202518,ok,944.0
UCB appendix,4,0.0,0.0,0.08482333004202518,ok,41829
UCB direct,4,0.0,0.0,0.08482333004202518,ok,36815
TS appendix,4,0.0,0.0,0.08482333004202518,ok,64763
TS direct,4,0.0,0.0,0.08482333004202518,ok,53565
Xu2021 observation-free UCB,4,0.0,0.0,0.08482333004202518,infeasible,
Xu2021 observation-free TS,4,0.0,0.0,0.08482333004202518,infeasible,
UCB appendix,4,0.1,0.008482333004202518,0.08482333004202518,ok,39916
UCB direct,4,0.1,0.008482333004202518,0.08482333004202518,ok,35420
TS appendix,4,0.1,0.008482333004202518,0.08482333004202518,ok,62728
TS direct,4,0.1,0.008482333004202518,0.08482333004202518,ok,52312
Xu2021 observation-free UCB,4,0.1,0.008482333004202518,0.08482333004202518,infeasible,3392934.0
Xu2021 observation-free TS,4,0.1,0.008482333004202518,0.08482333004202518,infeasible,3392934.0
UCB appendix,4,0.2,0.016964666008405037,0.08482333004202518,ok,38003
UCB direct,4,0.2,0.016964666008405037,0.08482333004202518,ok,34000
TS appendix,4,0.2,0.016964666008405037,0.08482333004202518,ok,60694
TS direct,4,0.2,0.016964666008405037,0.08482333004202518,ok,51038
Xu2021 observation-free UCB,4,0.2,0.016964666008405037,0.08482333004202518,infeasible,848234.0
Xu2021 observation-free TS,4,0.2,0.016964666008405037,0.08482333004202518,infeasible,848234.0
UCB appendix,4,0.3,0.025446999012607552,0.08482333004202518,ok,36085
UCB direct,4,0.3,0.025446999012607552,0.08482333004202518,ok,32556
TS appendix,4,0.3,0.025446999012607552,0.08482333004202518,ok,58663
TS direct,4,0.3,0.025446999012607552,0.08482333004202518,ok,49742
Xu2021 observation-free UCB,4,0.3,0.025446999012607552,0.08482333004202518,infeasible,376994.0
Xu2021 observation-free TS,4,0.3,0.025446999012607552,0.08482333004202518,infeasible,376994.0
UCB appendix,4,0.4,0.033929332016810074,0.08482333004202518,ok,34168
UCB direct,4,0.4,0.033929332016810074,0.08482333004202518,ok,31086
TS appendix,4,0.4,0.033929332016810074,0.08482333004202518,ok,56627
TS direct,4,0.4,0.033929332016810074,0.08482333004202518,ok,48423
Xu2021 observation-free UCB,4,0.4,0.033929332016810074,0.08482333004202518,infeasible,212060.0
Xu2021 observation-free TS,4,0.4,0.033929332016810074,0.08482333004202518,infeasible,212060.0
UCB appendix,4,0.5,0.04241166502101259,0.08482333004202518,ok,32253
UCB direct,4,0.5,0.04241166502101259,0.08482333004202518,ok,29590
TS appendix,4,0.5,0.04241166502101259,0.08482333004202518,ok,54588
TS direct,4,0.5,0.04241166502101259,0.08482333004202518,ok,47081
Xu2021 observation-free UCB,4,0.5,0.04241166502101259,0.08482333004202518,ok,135718.0
Xu2021 observation-free TS,4,0.5,0.04241166502101259,0.08482333004202518,ok,135718.0
UCB appendix,4,0.75,0.06361749753151888,0.08482333004202518,ok,27456
UCB direct,4,0.75,0.06361749753151888,0.08482333004202518,ok,25732
TS appendix,4,0.75,0.06361749753151888,0.08482333004202518,ok,49492
TS direct,4,0.75,0.06361749753151888,0.08482333004202518,ok,43619
Xu2021 observation-free UCB,4,0.75,0.06361749753151888,0.08482333004202518,ok,60320.0
Xu2021 observation-free TS,4,0.75,0.06361749753151888,0.08482333004202518,ok,60320.0
UCB appendix,4,1.0,0.08482333004202518,0.08482333004202518,ok,22652
UCB direct,4,1.0,0.08482333004202518,0.08482333004202518,ok,21695
TS appendix,4,1.0,0.08482333004202518,0.08482333004202518,ok,44392
TS direct,4,1.0,0.08482333004202518,0.08482333004202518,ok,39997
Xu2021 observation-free UCB,4,1.0,0.08482333004202518,0.08482333004202518,ok,33930.0
Xu2021 observation-free TS,4,1.0,0.08482333004202518,0.08482333004202518,ok,33930.0
UCB appendix,4,1.5,0.12723499506303776,0.08482333004202518,ok,13215
UCB direct,4,1.5,0.12723499506303776,0.08482333004202518,ok,13128
TS appendix,4,1.5,0.12723499506303776,0.08482333004202518,ok,34159
TS direct,4,1.5,0.12723499506303776,0.08482333004202518,ok,32224
Xu2021 observation-free UCB,4,1.5,0.12723499506303776,0.08482333004202518,ok,15080.0
Xu2021 observation-free TS,4,1.5,0.12723499506303776,0.08482333004202518,ok,15080.0
UCB appendix,4,2.0,0.16964666008405035,0.08482333004202518,ok,7821
UCB direct,4,2.0,0.16964666008405035,0.08482333004202518,ok,7793
TS appendix,4,2.0,0.16964666008405035,0.08482333004202518,ok,23906
TS direct,4,2.0,0.16964666008405035,0.08482333004202518,ok,23656
Xu2021 observation-free UCB,4,2.0,0.16964666008405035,0.08482333004202518,ok,8484.0
Xu2021 observation-free TS,4,2.0,0.16964666008405035,0.08482333004202518,ok,8484.0
UCB appendix,4,3.0,0.2544699901260755,0.08482333004202518,ok,3687
UCB direct,4,3.0,0.2544699901260755,0.08482333004202518,ok,3675
TS appendix,4,3.0,0.2544699901260755,0.08482333004202518,ok,11305
TS direct,4,3.0,0.2544699901260755,0.08482333004202518,ok,11292
Xu2021 observation-free UCB,4,3.0,0.2544699901260755,0.08482333004202518,ok,3770.0
Xu2021 observation-free TS,4,3.0,0.2544699901260755,0.08482333004202518,ok,3770.0
UCB appendix,4,4.0,0.3392933201681007,0.08482333004202518,ok,2149
UCB direct,4,4.0,0.3392933201681007,0.08482333004202518,ok,2140
TS appendix,4,4.0,0.3392933201681007,0.08482333004202518,ok,6732
TS direct,4,4.0,0.3392933201681007,0.08482333004202518,ok,6720
Xu2021 observation-free UCB,4,4.0,0.3392933201681007,0.08482333004202518,ok,2122.0
Xu2021 observation-free TS,4,4.0,0.3392933201681007,0.08482333004202518,ok,2122.0
UCB appendix,4,5.0,0.4241166502101259,0.08482333004202518,ok,1410
UCB direct,4,5.0,0.4241166502101259,0.08482333004202518,ok,1401
TS appendix,4,5.0,0.4241166502101259,0.08482333004202518,ok,4561
TS direct,4,5.0,0.4241166502101259,0.08482333004202518,ok,4551
Xu2021 observation-free UCB,4,5.0,0.4241166502101259,0.08482333004202518,ok,1358.0
Xu2021 observation-free TS,4,5.0,0.4241166502101259,0.08482333004202518,ok,1358.0
UCB appendix,4,6.0,0.508939980252151,0.08482333004202518,ok,997
UCB direct,4,6.0,0.508939980252151,0.08482333004202518,ok,988
TS appendix,4,6.0,0.508939980252151,0.08482333004202518,ok,3373
TS direct,4,6.0,0.508939980252151,0.08482333004202518,ok,3360
Xu2021 observation-free UCB,4,6.0,0.508939980252151,0.08482333004202518,ok,944.0
Xu2021 observation-free TS,4,6.0,0.508939980252151,0.08482333004202518,ok,944.0
UCB appendix,5,0.0,0.0,0.08482333004202518,ok,41831
UCB direct,5,0.0,0.0,0.08482333004202518,ok,36816
TS appendix,5,0.0,0.0,0.08482333004202518,ok,64762
TS direct,5,0.0,0.0,0.08482333004202518,ok,53565
Xu2021 observation-free UCB,5,0.0,0.0,0.08482333004202518,infeasible,
Xu2021 observation-free TS,5,0.0,0.0,0.08482333004202518,infeasible,
UCB appendix,5,0.1,0.008482333004202518,0.08482333004202518,ok,39915
UCB direct,5,0.1,0.008482333004202518,0.08482333004202518,ok,35421
TS appendix,5,0.1,0.008482333004202518,0.08482333004202518,ok,62730
TS direct,5,0.1,0.008482333004202518,0.08482333004202518,ok,52312
Xu2021 observation-free UCB,5,0.1,0.008482333004202518,0.08482333004202518,infeasible,3392934.0
Xu2021 observation-free TS,5,0.1,0.008482333004202518,0.08482333004202518,infeasible,3392934.0
UCB appendix,5,0.2,0.016964666008405037,0.08482333004202518,ok,38001
UCB direct,5,0.2,0.016964666008405037,0.08482333004202518,ok,34001
TS appendix,5,0.2,0.016964666008405037,0.08482333004202518,ok,60694
TS direct,5,0.2,0.016964666008405037,0.08482333004202518,ok,51038
Xu2021 observation-free UCB,5,0.2,0.016964666008405037,0.08482333004202518,infeasible,848234.0
Xu2021 observation-free TS,5,0.2,0.016964666008405037,0.08482333004202518,infeasible,848234.0
UCB appendix,5,0.3,0.025446999012607552,0.08482333004202518,ok,36084
UCB direct,5,0.3,0.025446999012607552,0.08482333004202518,ok,32557
TS appendix,5,0.3,0.025446999012607552,0.08482333004202518,ok,58663
TS direct,5,0.3,0.025446999012607552,0.08482333004202518,ok,49742
Xu2021 observation-free UCB,5,0.3,0.025446999012607552,0.08482333004202518,infeasible,376994.0
Xu2021 observation-free TS,5,0.3,0.025446999012607552,0.08482333004202518,infeasible,376994.0
UCB appendix,5,0.4,0.033929332016810074,0.08482333004202518,ok,34168
UCB direct,5,0.4,0.033929332016810074,0.08482333004202518,ok,31087
TS appendix,5,0.4,0.033929332016810074,0.08482333004202518,ok,56626
TS direct,5,0.4,0.033929332016810074,0.08482333004202518,ok,48423
Xu2021 observation-free UCB,5,0.4,0.033929332016810074,0.08482333004202518,infeasible,212060.0
Xu2021 observation-free TS,5,0.4,0.033929332016810074,0.08482333004202518,infeasible,212060.0
UCB appendix,5,0.5,0.04241166502101259,0.08482333004202518,ok,32252
UCB direct,5,0.5,0.04241166502101259,0.08482333004202518,ok,29591
TS appendix,5,0.5,0.04241166502101259,0.08482333004202518,ok,54588
TS direct,5,0.5,0.04241166502101259,0.08482333004202518,ok,47081
Xu2021 observation-free UCB,5,0.5,0.04241166502101259,0.08482333004202518,ok,135718.0
Xu2021 observation-free TS,5,0.5,0.04241166502101259,0.08482333004202518,ok,135718.0
UCB appendix,5,0.75,0.06361749753151888,0.08482333004202518,ok,27454
UCB direct,5,0.75,0.06361749753151888,0.08482333004202518,ok,25733
TS appendix,5,0.75,0.06361749753151888,0.08482333004202518,ok,49492
TS direct,5,0.75,0.06361749753151888,0.08482333004202518,ok,43619
Xu2021 observation-free UCB,5,0.75,0.06361749753151888,0.08482333004202518,ok,60320.0
Xu2021 observation-free TS,5,0.75,0.06361749753151888,0.08482333004202518,ok,60320.0
UCB appendix,5,1.0,0.08482333004202518,0.08482333004202518,ok,22651
UCB direct,5,1.0,0.08482333004202518,0.08482333004202518,ok,21696
TS appendix,5,1.0,0.08482333004202518,0.08482333004202518,ok,44390
TS direct,5,1.0,0.08482333004202518,0.08482333004202518,ok,39997
Xu2021 observation-free UCB,5,1.0,0.08482333004202518,0.08482333004202518,ok,33930.0
Xu2021 observation-free TS,5,1.0,0.08482333004202518,0.08482333004202518,ok,33930.0
UCB appendix,5,1.5,0.12723499506303776,0.08482333004202518,ok,13214
UCB direct,5,1.5,0.12723499506303776,0.08482333004202518,ok,13128
TS appendix,5,1.5,0.12723499506303776,0.08482333004202518,ok,34159
TS direct,5,1.5,0.12723499506303776,0.08482333004202518,ok,32224
Xu2021 observation-free UCB,5,1.5,0.12723499506303776,0.08482333004202518,ok,15080.0
Xu2021 observation-free TS,5,1.5,0.12723499506303776,0.08482333004202518,ok,15080.0
UCB appendix,5,2.0,0.16964666008405035,0.08482333004202518,ok,7820
UCB direct,5,2.0,0.16964666008405035,0.08482333004202518,ok,7791
TS appendix,5,2.0,0.16964666008405035,0.08482333004202518,ok,23906
TS direct,5,2.0,0.16964666008405035,0.08482333004202518,ok,23656
Xu2021 observation-free UCB,5,2.0,0.16964666008405035,0.08482333004202518,ok,8484.0
Xu2021 observation-free TS,5,2.0,0.16964666008405035,0.08482333004202518,ok,8484.0
UCB appendix,5,3.0,0.2544699901260755,0.08482333004202518,ok,3688
UCB direct,5,3.0,0.2544699901260755,0.08482333004202518,ok,3674
TS appendix,5,3.0,0.2544699901260755,0.08482333004202518,ok,11303
TS direct,5,3.0,0.2544699901260755,0.08482333004202518,ok,11293
Xu2021 observation-free UCB,5,3.0,0.2544699901260755,0.08482333004202518,ok,3770.0
Xu2021 observation-free TS,5,3.0,0.2544699901260755,0.08482333004202518,ok,3770.0
UCB appendix,5,4.0,0.3392933201681007,0.08482333004202518,ok,2149
UCB direct,5,4.0,0.3392933201681007,0.08482333004202518,ok,2140
TS appendix,5,4.0,0.3392933201681007,0.08482333004202518,ok,6733
TS direct,5,4.0,0.3392933201681007,0.08482333004202518,ok,6720
Xu2021 observation-free UCB,5,4.0,0.3392933201681007,0.08482333004202518,ok,2122.0
Xu2021 observation-free TS,5,4.0,0.3392933201681007,0.08482333004202518,ok,2122.0
UCB appendix,5,5.0,0.4241166502101259,0.08482333004202518,ok,1408
UCB direct,5,5.0,0.4241166502101259,0.08482333004202518,ok,1399
TS appendix,5,5.0,0.4241166502101259,0.08482333004202518,ok,4561
TS direct,5,5.0,0.4241166502101259,0.08482333004202518,ok,4552
Xu2021 observation-free UCB,5,5.0,0.4241166502101259,0.08482333004202518,ok,1358.0
Xu2021 observation-free TS,5,5.0,0.4241166502101259,0.08482333004202518,ok,1358.0
UCB appendix,5,6.0,0.508939980252151,0.08482333004202518,ok,996
UCB direct,5,6.0,0.508939980252151,0.08482333004202518,ok,987
TS appendix,5,6.0,0.508939980252151,0.08482333004202518,ok,3371
TS direct,5,6.0,0.508939980252151,0.08482333004202518,ok,3361
Xu2021 observation-free UCB,5,6.0,0.508939980252151,0.08482333004202518,ok,944.0
Xu2021 observation-free TS,5,6.0,0.508939980252151,0.08482333004202518,ok,944.0
UCB appendix,6,0.0,0.0,0.08482333004202518,ok,41908
UCB direct,6,0.0,0.0,0.08482333004202518,ok,36881
TS appendix,6,0.0,0.0,0.08482333004202518,ok,64826
TS direct,6,0.0,0.0,0.08482333004202518,ok,53612
Xu2021 observation-free UCB,6,0.0,0.0,0.08482333004202518,infeasible,
Xu2021 observation-free TS,6,0.0,0.0,0.08482333004202518,infeasible,
UCB appendix,6,0.1,0.008482333004202518,0.08482333004202518,ok,39994
UCB direct,6,0.1,0.008482333004202518,0.08482333004202518,ok,35486
TS appendix,6,0.1,0.008482333004202518,0.08482333004202518,ok,62794
TS direct,6,0.1,0.008482333004202518,0.08482333004202518,ok,52360
Xu2021 observation-free UCB,6,0.1,0.008482333004202518,0.08482333004202518,infeasible,3392934.0
Xu2021 observation-free TS,6,0.1,0.008482333004202518,0.08482333004202518,infeasible,3392934.0
UCB appendix,6,0.2,0.016964666008405037,0.08482333004202518,ok,38078
UCB direct,6,0.2,0.016964666008405037,0.08482333004202518,ok,34067
TS appendix,6,0.2,0.016964666008405037,0.08482333004202518,ok,60758
TS direct,6,0.2,0.016964666008405037,0.08482333004202518,ok,51087
Xu2021 observation-free UCB,6,0.2,0.016964666008405037,0.08482333004202518,infeasible,848234.0
Xu2021 observation-free TS,6,0.2,0.016964666008405037,0.08482333004202518,infeasible,848234.0
UCB appendix,6,0.3,0.025446999012607552,0.08482333004202518,ok,36164
UCB direct,6,0.3,0.025446999012607552,0.08482333004202518,ok,32623
TS appendix,6,0.3,0.025446999012607552,0.08482333004202518,ok,58725
TS direct,6,0.3,0.025446999012607552,0.08482333004202518,ok,49791
Xu2021 observation-free UCB,6,0.3,0.025446999012607552,0.08482333004202518,infeasible,376994.0
Xu2021 observation-free TS,6,0.3,0.025446999012607552,0.08482333004202518,infeasible,376994.0
UCB appendix,6,0.4,0.033929332016810074,0.08482333004202518,ok,34246
UCB direct,6,0.4,0.033929332016810074,0.08482333004202518,ok,31154
TS appendix,6,0.4,0.033929332016810074,0.08482333004202518,ok,56687
TS direct,6,0.4,0.033929332016810074,0.08482333004202518,ok,48473
Xu2021 observation-free UCB,6,0.4,0.033929332016810074,0.08482333004202518,infeasible,212060.0
Xu2021 observation-free TS,6,0.4,0.033929332016810074,0.08482333004202518,infeasible,212060.0
UCB appendix,6,0.5,0.04241166502101259,0.08482333004202518,ok,32328
UCB direct,6,0.5,0.04241166502101259,0.08482333004202518,ok,29658
TS appendix,6,0.5,0.04241166502101259,0.08482333004202518,ok,54652
TS direct,6,0.5,0.04241166502101259,0.08482333004202518,ok,47131
Xu2021 observation-free UCB,6,0.5,0.04241166502101259,0.08482333004202518,ok,135718.0
Xu2021 observation-free TS,6,0.5,0.04241166502101259,0.08482333004202518,ok,135718.0
UCB appendix,6,0.75,0.06361749753151888,0.08482333004202518,ok,27531
UCB direct,6,0.75,0.06361749753151888,0.08482333004202518,ok,25802
TS appendix,6,0.75,0.06361749753151888,0.08482333004202518,ok,49556
TS direct,6,0.75,0.06361749753151888,0.08482333004202518,ok,43670
Xu2021 observation-free UCB,6,0.75,0.06361749753151888,0.08482333004202518,ok,60320.0
Xu2021 observation-free TS,6,0.75,0.06361749753151888,0.08482333004202518,ok,60320.0
UCB appendix,6,1.0,0.08482333004202518,0.08482333004202518,ok,22731
UCB direct,6,1.0,0.08482333004202518,0.08482333004202518,ok,21766
TS appendix,6,1.0,0.08482333004202518,0.08482333004202518,ok,44452
TS direct,6,1.0,0.08482333004202518,0.08482333004202518,ok,40048
Xu2021 observation-free UCB,6,1.0,0.08482333004202518,0.08482333004202518,ok,33930.0
Xu2021 observation-free TS,6,1.0,0.08482333004202518,0.08482333004202518,ok,33930.0
UCB appendix,6,1.5,0.12723499506303776,0.08482333004202518,ok,13285
UCB direct,6,1.5,0.12723499506303776,0.08482333004202518,ok,13198
TS appendix,6,1.5,0.12723499506303776,0.08482333004202518,ok,34219
TS direct,6,1.5,0.12723499506303776,0.08482333004202518,ok,32278
Xu2021 observation-free UCB,6,1.5,0.12723499506303776,0.08482333004202518,ok,15080.0
Xu2021 observation-free TS,6,1.5,0.12723499506303776,0.08482333004202518,ok,15080.0
UCB appendix,6,2.0,0.16964666008405035,0.08482333004202518,ok,7875
UCB direct,6,2.0,0.16964666008405035,0.08482333004202518,ok,7845
TS appendix,6,2.0,0.16964666008405035,0.08482333004202518,ok,23965
TS direct,6,2.0,0.16964666008405035,0.08482333004202518,ok,23714
Xu2021 observation-free UCB,6,2.0,0.16964666008405035,0.08482333004202518,ok,8484.0
Xu2021 observation-free TS,6,2.0,0.16964666008405035,0.08482333004202518,ok,8484.0
UCB appendix,6,3.0,0.2544699901260755,0.08482333004202518,ok,3724
UCB direct,6,3.0,0.2544699901260755,0.08482333004202518,ok,3710
TS appendix,6,3.0,0.2544699901260755,0.08482333004202518,ok,11346
TS direct,6,3.0,0.2544699901260755,0.08482333004202518,ok,11334
Xu2021 observation-free UCB,6,3.0,0.2544699901260755,0.08482333004202518,ok,3770.0
Xu2021 observation-free TS,6,3.0,0.2544699901260755,0.08482333004202518,ok,3770.0
UCB appendix,6,4.0,0.3392933201681007,0.08482333004202518,ok,2176
UCB direct,6,4.0,0.3392933201681007,0.08482333004202518,ok,2167
TS appendix,6,4.0,0.3392933201681007,0.08482333004202518,ok,6761
TS direct,6,4.0,0.3392933201681007,0.08482333004202518,ok,6752
Xu2021 observation-free UCB,6,4.0,0.3392933201681007,0.08482333004202518,ok,2122.0
Xu2021 observation-free TS,6,4.0,0.3392933201681007,0.08482333004202518,ok,2122.0
UCB appendix,6,5.0,0.4241166502101259,0.08482333004202518,ok,1430
UCB direct,6,5.0,0.4241166502101259,0.08482333004202518,ok,1421
TS appendix,6,5.0,0.4241166502101259,0.08482333004202518,ok,4588
TS direct,6,5.0,0.4241166502101259,0.08482333004202518,ok,4577
Xu2021 observation-free UCB,6,5.0,0.4241166502101259,0.08482333004202518,ok,1358.0
Xu2021 observation-free TS,6,5.0,0.4241166502101259,0.08482333004202518,ok,1358.0
UCB appendix,6,6.0,0.508939980252151,0.08482333004202518,ok,1014
UCB direct,6,6.0,0.508939980252151,0.08482333004202518,ok,1005
TS appendix,6,6.0,0.508939980252151,0.08482333004202518,ok,3394
TS direct,6,6.0,0.508939980252151,0.08482333004202518,ok,3382
Xu2021 observation-free UCB,6,6.0,0.508939980252151,0.08482333004202518,ok,944.0
Xu2021 observation-free TS,6,6.0,0.508939980252151,0.08482333004202518,ok,944.0
UCB appendix,7,0.0,0.0,0.08482333004202518,ok,41942
UCB direct,7,0.0,0.0,0.08482333004202518,ok,36905
TS appendix,7,0.0,0.0,0.08482333004202518,ok,64849
TS direct,7,0.0,0.0,0.08482333004202518,ok,53630
Xu2021 observation-free UCB,7,0.0,0.0,0.08482333004202518,infeasible,
Xu2021 observation-free TS,7,0.0,0.0,0.08482333004202518,infeasible,
UCB appendix,7,0.1,0.008482333004202518,0.08482333004202518,ok,40026
UCB direct,7,0.1,0.008482333004202518,0.08482333004202518,ok,35510
TS appendix,7,0.1,0.008482333004202518,0.08482333004202518,ok,62820
TS direct,7,0.1,0.008482333004202518,0.08482333004202518,ok,52378
Xu2021 observation-free UCB,7,0.1,0.008482333004202518,0.08482333004202518,infeasible,3392934.0
Xu2021 observation-free TS,7,0.1,0.008482333004202518,0.08482333004202518,infeasible,3392934.0
UCB appendix,7,0.2,0.016964666008405037,0.08482333004202518,ok,38108
UCB direct,7,0.2,0.016964666008405037,0.08482333004202518,ok,34092
TS appendix,7,0.2,0.016964666008405037,0.08482333004202518,ok,60784
TS direct,7,0.2,0.016964666008405037,0.08482333004202518,ok,51105
Xu2021 observation-free UCB,7,0.2,0.016964666008405037,0.08482333004202518,infeasible,848234.0
Xu2021 observation-free TS,7,0.2,0.016964666008405037,0.08482333004202518,infeasible,848234.0
UCB appendix,7,0.3,0.025446999012607552,0.08482333004202518,ok,36194
UCB direct,7,0.3,0.025446999012607552,0.08482333004202518,ok,32648
TS appendix,7,0.3,0.025446999012607552,0.08482333004202518,ok,58747
TS direct,7,0.3,0.025446999012607552,0.08482333004202518,ok,49809
Xu2021 observation-free UCB,7,0.3,0.025446999012607552,0.08482333004202518,infeasible,376994.0
Xu2021 observation-free TS,7,0.3,0.025446999012607552,0.08482333004202518,infeasible,376994.0
UCB appendix,7,0.4,0.033929332016810074,0.08482333004202518,ok,34280
UCB direct,7,0.4,0.033929332016810074,0.08482333004202518,ok,31179
TS appendix,7,0.4,0.033929332016810074,0.08482333004202518,ok,56716
TS direct,7,0.4,0.033929332016810074,0.08482333004202518,ok,48491
Xu2021 observation-free UCB,7,0.4,0.033929332016810074,0.08482333004202518,infeasible,212060.0
Xu2021 observation-free TS,7,0.4,0.033929332016810074,0.08482333004202518,infeasible,212060.0
UCB appendix,7,0.5,0.04241166502101259,0.08482333004202518,ok,32357
UCB direct,7,0.5,0.04241166502101259,0.08482333004202518,ok,29684
TS appendix,7,0.5,0.04241166502101259,0.08482333004202518,ok,54677
TS direct,7,0.5,0.04241166502101259,0.08482333004202518,ok,47149
Xu2021 observation-free UCB,7,0.5,0.04241166502101259,0.08482333004202518,ok,135718.0
Xu2021 observation-free TS,7,0.5,0.04241166502101259,0.08482333004202518,ok,135718.0
UCB appendix,7,0.75,0.06361749753151888,0.08482333004202518,ok,27564
UCB direct,7,0.75,0.06361749753151888,0.08482333004202518,ok,25828
TS appendix,7,0.75,0.06361749753151888,0.08482333004202518,ok,49581
TS direct,7,0.75,0.06361749753151888,0.08482333004202518,ok,43689
Xu2021 observation-free UCB,7,0.75,0.06361749753151888,0.08482333004202518,ok,60320.0
Xu2021 observation-free TS,7,0.75,0.06361749753151888,0.08482333004202518,ok,60320.0
UCB appendix,7,1.0,0.08482333004202518,0.08482333004202518,ok,22760
UCB direct,7,1.0,0.08482333004202518,0.08482333004202518,ok,21793
TS appendix,7,1.0,0.08482333004202518,0.08482333004202518,ok,44476
TS direct,7,1.0,0.08482333004202518,0.08482333004202518,ok,40068
Xu2021 observation-free UCB,7,1.0,0.08482333004202518,0.08482333004202518,ok,33930.0
Xu2021 observation-free TS,7,1.0,0.08482333004202518,0.08482333004202518,ok,33930.0
UCB appendix,7,1.5,0.12723499506303776,0.08482333004202518,ok,13313
UCB direct,7,1.5,0.12723499506303776,0.08482333004202518,ok,13226
TS appendix,7,1.5,0.12723499506303776,0.08482333004202518,ok,34248
TS direct,7,1.5,0.12723499506303776,0.08482333004202518,ok,32298
Xu2021 observation-free UCB,7,1.5,0.12723499506303776,0.08482333004202518,ok,15080.0
Xu2021 observation-free TS,7,1.5,0.12723499506303776,0.08482333004202518,ok,15080.0
UCB appendix,7,2.0,0.16964666008405035,0.08482333004202518,ok,7897
UCB direct,7,2.0,0.16964666008405035,0.08482333004202518,ok,7865
TS appendix,7,2.0,0.16964666008405035,0.08482333004202518,ok,23987
TS direct,7,2.0,0.16964666008405035,0.08482333004202518,ok,23735
Xu2021 observation-free UCB,7,2.0,0.16964666008405035,0.08482333004202518,ok,8484.0
Xu2021 observation-free TS,7,2.0,0.16964666008405035,0.08482333004202518,ok,8484.0
UCB appendix,7,3.0,0.2544699901260755,0.08482333004202518,ok,3737
UCB direct,7,3.0,0.2544699901260755,0.08482333004202518,ok,3724
TS appendix,7,3.0,0.2544699901260755,0.08482333004202518,ok,11361
TS direct,7,3.0,0.2544699901260755,0.08482333004202518,ok,11350
Xu2021 observation-free UCB,7,3.0,0.2544699901260755,0.08482333004202518,ok,3770.0
Xu2021 observation-free TS,7,3.0,0.2544699901260755,0.08482333004202518,ok,3770.0
UCB appendix,7,4.0,0.3392933201681007,0.08482333004202518,ok,2185
UCB direct,7,4.0,0.3392933201681007,0.08482333004202518,ok,2176
TS appendix,7,4.0,0.3392933201681007,0.08482333004202518,ok,6776
TS direct,7,4.0,0.3392933201681007,0.08482333004202518,ok,6764
Xu2021 observation-free UCB,7,4.0,0.3392933201681007,0.08482333004202518,ok,2122.0
Xu2021 observation-free TS,7,4.0,0.3392933201681007,0.08482333004202518,ok,2122.0
UCB appendix,7,5.0,0.4241166502101259,0.08482333004202518,ok,1439
UCB direct,7,5.0,0.4241166502101259,0.08482333004202518,ok,1430
TS appendix,7,5.0,0.4241166502101259,0.08482333004202518,ok,4598
TS direct,7,5.0,0.4241166502101259,0.08482333004202518,ok,4587
Xu2021 observation-free UCB,7,5.0,0.4241166502101259,0.08482333004202518,ok,1358.0
Xu2021 observation-free TS,7,5.0,0.4241166502101259,0.08482333004202518,ok,1358.0
UCB appendix,7,6.0,0.508939980252151,0.08482333004202518,ok,1020
UCB direct,7,6.0,0.508939980252151,0.08482333004202518,ok,1011
TS appendix,7,6.0,0.508939980252151,0.08482333004202518,ok,3403
TS direct,7,6.0,0.508939980252151,0.08482333004202518,ok,3390
Xu2021 observation-free UCB,7,6.0,0.508939980252151,0.08482333004202518,ok,944.0
Xu2021 observation-free TS,7,6.0,0.508939980252151,0.08482333004202518,ok,944.0
UCB appendix,8,0.0,0.0,0.08482333004202518,ok,41861
UCB direct,8,0.0,0.0,0.08482333004202518,ok,36841
TS appendix,8,0.0,0.0,0.08482333004202518,ok,64787
TS direct,8,0.0,0.0,0.08482333004202518,ok,53584
Xu2021 observation-free UCB,8,0.0,0.0,0.08482333004202518,infeasible,
Xu2021 observation-free TS,8,0.0,0.0,0.08482333004202518,infeasible,
UCB appendix,8,0.1,0.008482333004202518,0.08482333004202518,ok,39948
UCB direct,8,0.1,0.008482333004202518,0.08482333004202518,ok,35445
TS appendix,8,0.1,0.008482333004202518,0.08482333004202518,ok,62755
TS direct,8,0.1,0.008482333004202518,0.08482333004202518,ok,52332
Xu2021 observation-free UCB,8,0.1,0.008482333004202518,0.08482333004202518,infeasible,3392934.0
Xu2021 observation-free TS,8,0.1,0.008482333004202518,0.08482333004202518,infeasible,3392934.0
UCB appendix,8,0.2,0.016964666008405037,0.08482333004202518,ok,38031
UCB direct,8,0.2,0.016964666008405037,0.08482333004202518,ok,34026
TS appendix,8,0.2,0.016964666008405037,0.08482333004202518,ok,60723
TS direct,8,0.2,0.016964666008405037,0.08482333004202518,ok,51058
Xu2021 observation-free UCB,8,0.2,0.016964666008405037,0.08482333004202518,infeasible,848234.0
Xu2021 observation-free TS,8,0.2,0.016964666008405037,0.08482333004202518,infeasible,848234.0
UCB appendix,8,0.3,0.025446999012607552,0.08482333004202518,ok,36118
UCB direct,8,0.3,0.025446999012607552,0.08482333004202518,ok,32582
TS appendix,8,0.3,0.025446999012607552,0.08482333004202518,ok,58685
TS direct,8,0.3,0.025446999012607552,0.08482333004202518,ok,49762
Xu2021 observation-free UCB,8,0.3,0.025446999012607552,0.08482333004202518,infeasible,376994.0
Xu2021 observation-free TS,8,0.3,0.025446999012607552,0.08482333004202518,infeasible,376994.0
UCB appendix,8,0.4,0.033929332016810074,0.08482333004202518,ok,34199
UCB direct,8,0.4,0.033929332016810074,0.08482333004202518,ok,31112
TS appendix,8,0.4,0.033929332016810074,0.08482333004202518,ok,56652
TS direct,8,0.4,0.033929332016810074,0.08482333004202518,ok,48443
Xu2021 observation-free UCB,8,0.4,0.033929332016810074,0.08482333004202518,infeasible,212060.0
Xu2021 observation-free TS,8,0.4,0.033929332016810074,0.08482333004202518,infeasible,212060.0
UCB appendix,8,0.5,0.04241166502101259,0.08482333004202518,ok,32280
UCB direct,8,0.5,0.04241166502101259,0.08482333004202518,ok,29616
TS appendix,8,0.5,0.04241166502101259,0.08482333004202518,ok,54613
TS direct,8,0.5,0.04241166502101259,0.08482333004202518,ok,47101
Xu2021 observation-free UCB,8,0.5,0.04241166502101259,0.08482333004202518,ok,135718.0
Xu2021 observation-free TS,8,0.5,0.04241166502101259,0.08482333004202518,ok,135718.0
UCB appendix,8,0.75,0.06361749753151888,0.08482333004202518,ok,27487
UCB direct,8,0.75,0.06361749753151888,0.08482333004202518,ok,25759
TS appendix,8,0.75,0.06361749753151888,0.08482333004202518,ok,49517
TS direct,8,0.75,0.06361749753151888,0.08482333004202518,ok,43640
Xu2021 observation-free UCB,8,0.75,0.06361749753151888,0.08482333004202518,ok,60320.0
Xu2021 observation-free TS,8,0.75,0.06361749753151888,0.08482333004202518,ok,60320.0
UCB appendix,8,1.0,0.08482333004202518,0.08482333004202518,ok,22683
UCB direct,8,1.0,0.08482333004202518,0.08482333004202518,ok,21723
TS appendix,8,1.0,0.08482333004202518,0.08482333004202518,ok,44415
TS direct,8,1.0,0.08482333004202518,0.08482333004202518,ok,40018
Xu2021 observation-free UCB,8,1.0,0.08482333004202518,0.08482333004202518,ok,33930.0
Xu2021 observation-free TS,8,1.0,0.08482333004202518,0.08482333004202518,ok,33930.0
UCB appendix,8,1.5,0.12723499506303776,0.08482333004202518,ok,13243
UCB direct,8,1.5,0.12723499506303776,0.08482333004202518,ok,13156
TS appendix,8,1.5,0.12723499506303776,0.08482333004202518,ok,34187
TS direct,8,1.5,0.12723499506303776,0.08482333004202518,ok,32246
Xu2021 observation-free UCB,8,1.5,0.12723499506303776,0.08482333004202518,ok,15080.0
Xu2021 observation-free TS,8,1.5,0.12723499506303776,0.08482333004202518,ok,15080.0
UCB appendix,8,2.0,0.16964666008405035,0.08482333004202518,ok,7843
UCB direct,8,2.0,0.16964666008405035,0.08482333004202518,ok,7814
TS appendix,8,2.0,0.16964666008405035,0.08482333004202518,ok,23928
TS direct,8,2.0,0.16964666008405035,0.08482333004202518,ok,23680
Xu2021 observation-free UCB,8,2.0,0.16964666008405035,0.08482333004202518,ok,8484.0
Xu2021 observation-free TS,8,2.0,0.16964666008405035,0.08482333004202518,ok,8484.0
UCB appendix,8,3.0,0.2544699901260755,0.08482333004202518,ok,3701
UCB direct,8,3.0,0.2544699901260755,0.08482333004202518,ok,3689
TS appendix,8,3.0,0.2544699901260755,0.08482333004202518,ok,11319
TS direct,8,3.0,0.2544699901260755,0.08482333004202518,ok,11309
Xu2021 observation-free UCB,8,3.0,0.2544699901260755,0.08482333004202518,ok,3770.0
Xu2021 observation-free TS,8,3.0,0.2544699901260755,0.08482333004202518,ok,3770.0
UCB appendix,8,4.0,0.3392933201681007,0.08482333004202518,ok,2159
UCB direct,8,4.0,0.3392933201681007,0.08482333004202518,ok,2150
TS appendix,8,4.0,0.3392933201681007,0.08482333004202518,ok,6741
TS direct,8,4.0,0.3392933201681007,0.08482333004202518,ok,6733
Xu2021 observation-free UCB,8,4.0,0.3392933201681007,0.08482333004202518,ok,2122.0
Xu2021 observation-free TS,8,4.0,0.3392933201681007,0.08482333004202518,ok,2122.0
UCB appendix,8,5.0,0.4241166502101259,0.08482333004202518,ok,1419
UCB direct,8,5.0,0.4241166502101259,0.08482333004202518,ok,1410
TS appendix,8,5.0,0.4241166502101259,0.08482333004202518,ok,4572
TS direct,8,5.0,0.4241166502101259,0.08482333004202518,ok,4562
Xu2021 observation-free UCB,8,5.0,0.4241166502101259,0.08482333004202518,ok,1358.0
Xu2021 observation-free TS,8,5.0,0.4241166502101259,0.08482333004202518,ok,1358.0
UCB appendix,8,6.0,0.508939980252151,0.08482333004202518,ok,1004
UCB direct,8,6.0,0.508939980252151,0.08482333004202518,ok,995
TS appendix,8,6.0,0.508939980252151,0.08482333004202518,ok,3382
TS direct,8,6.0,0.508939980252151,0.08482333004202518,ok,3369
Xu2021 observation-free UCB,8,6.0,0.508939980252151,0.08482333004202518,ok,944.0
Xu2021 observation-free TS,8,6.0,0.508939980252151,0.08482333004202518,ok,944.0
UCB appendix,9,0.0,0.0,0.08482333004202518,ok,41894
UCB direct,9,0.0,0.0,0.08482333004202518,ok,36867
TS appendix,9,0.0,0.0,0.08482333004202518,ok,64812
TS direct,9,0.0,0.0,0.08482333004202518,ok,53603
Xu2021 observation-free UCB,9,0.0,0.0,0.08482333004202518,infeasible,
Xu2021 observation-free TS,9,0.0,0.0,0.08482333004202518,infeasible,
UCB appendix,9,0.1,0.008482333004202518,0.08482333004202518,ok,39980
UCB direct,9,0.1,0.008482333004202518,0.08482333004202518,ok,35472
TS appendix,9,0.1,0.008482333004202518,0.08482333004202518,ok,62779
TS direct,9,0.1,0.008482333004202518,0.08482333004202518,ok,52351
Xu2021 observation-free UCB,9,0.1,0.008482333004202518,0.08482333004202518,infeasible,3392934.0
Xu2021 observation-free TS,9,0.1,0.008482333004202518,0.08482333004202518,infeasible,3392934.0
UCB appendix,9,0.2,0.016964666008405037,0.08482333004202518,ok,38063
UCB direct,9,0.2,0.016964666008405037,0.08482333004202518,ok,34052
TS appendix,9,0.2,0.016964666008405037,0.08482333004202518,ok,60746
TS direct,9,0.2,0.016964666008405037,0.08482333004202518,ok,51077
Xu2021 observation-free UCB,9,0.2,0.016964666008405037,0.08482333004202518,infeasible,848234.0
Xu2021 observation-free TS,9,0.2,0.016964666008405037,0.08482333004202518,infeasible,848234.0
UCB appendix,9,0.3,0.025446999012607552,0.08482333004202518,ok,36149
UCB direct,9,0.3,0.025446999012607552,0.08482333004202518,ok,32608
TS appendix,9,0.3,0.025446999012607552,0.08482333004202518,ok,58714
TS direct,9,0.3,0.025446999012607552,0.08482333004202518,ok,49781
Xu2021 observation-free UCB,9,0.3,0.025446999012607552,0.08482333004202518,infeasible,376994.0
Xu2021 observation-free TS,9,0.3,0.025446999012607552,0.08482333004202518,infeasible,376994.0
UCB appendix,9,0.4,0.033929332016810074,0.08482333004202518,ok,34230
UCB direct,9,0.4,0.033929332016810074,0.08482333004202518,ok,31139
TS appendix,9,0.4,0.033929332016810074,0.08482333004202518,ok,56675
TS direct,9,0.4,0.033929332016810074,0.08482333004202518,ok,48463
Xu2021 observation-free UCB,9,0.4,0.033929332016810074,0.08482333004202518,infeasible,212060.0
Xu2021 observation-free TS,9,0.4,0.033929332016810074,0.08482333004202518,infeasible,212060.0
UCB appendix,9,0.5,0.04241166502101259,0.08482333004202518,ok,32312
UCB direct,9,0.5,0.04241166502101259,0.08482333004202518,ok,29644
TS appendix,9,0.5,0.04241166502101259,0.08482333004202518,ok,54640
TS direct,9,0.5,0.04241166502101259,0.08482333004202518,ok,47121
Xu2021 observation-free UCB,9,0.5,0.04241166502101259,0.08482333004202518,ok,135718.0
Xu2021 observation-free TS,9,0.5,0.04241166502101259,0.08482333004202518,ok,135718.0
UCB appendix,9,0.75,0.06361749753151888,0.08482333004202518,ok,27515
UCB direct,9,0.75,0.06361749753151888,0.08482333004202518,ok,25787
TS appendix,9,0.75,0.06361749753151888,0.08482333004202518,ok,49544
TS direct,9,0.75,0.06361749753151888,0.08482333004202518,ok,43660
Xu2021 observation-free UCB,9,0.75,0.06361749753151888,0.08482333004202518,ok,60320.0
Xu2021 observation-free TS,9,0.75,0.06361749753151888,0.08482333004202518,ok,60320.0
UCB appendix,9,1.0,0.08482333004202518,0.08482333004202518,ok,22713
UCB direct,9,1.0,0.08482333004202518,0.08482333004202518,ok,21751
TS appendix,9,1.0,0.08482333004202518,0.08482333004202518,ok,44440
TS direct,9,1.0,0.08482333004202518,0.08482333004202518,ok,40038
Xu2021 observation-free UCB,9,1.0,0.08482333004202518,0.08482333004202518,ok,33930.0
Xu2021 observation-free TS,9,1.0,0.08482333004202518,0.08482333004202518,ok,33930.0
UCB appendix,9,1.5,0.12723499506303776,0.08482333004202518,ok,13271
UCB direct,9,1.5,0.12723499506303776,0.08482333004202518,ok,13184
TS appendix,9,1.5,0.12723499506303776,0.08482333004202518,ok,34213
TS direct,9,1.5,0.12723499506303776,0.08482333004202518,ok,32267
Xu2021 observation-free UCB,9,1.5,0.12723499506303776,0.08482333004202518,ok,15080.0
Xu2021 observation-free TS,9,1.5,0.12723499506303776,0.08482333004202518,ok,15080.0
UCB appendix,9,2.0,0.16964666008405035,0.08482333004202518,ok,7865
UCB direct,9,2.0,0.16964666008405035,0.08482333004202518,ok,7835
TS appendix,9,2.0,0.16964666008405035,0.08482333004202518,ok,23950
TS direct,9,2.0,0.16964666008405035,0.08482333004202518,ok,23702
Xu2021 observation-free UCB,9,2.0,0.16964666008405035,0.08482333004202518,ok,8484.0
Xu2021 observation-free TS,9,2.0,0.16964666008405035,0.08482333004202518,ok,8484.0
UCB appendix,9,3.0,0.2544699901260755,0.08482333004202518,ok,3716
UCB direct,9,3.0,0.2544699901260755,0.08482333004202518,ok,3703
TS appendix,9,3.0,0.2544699901260755,0.08482333004202518,ok,11336
TS direct,9,3.0,0.2544699901260755,0.08482333004202518,ok,11326
Xu2021 observation-free UCB,9,3.0,0.2544699901260755,0.08482333004202518,ok,3770.0
Xu2021 observation-free TS,9,3.0,0.2544699901260755,0.08482333004202518,ok,3770.0
UCB appendix,9,4.0,0.3392933201681007,0.08482333004202518,ok,2170
UCB direct,9,4.0,0.3392933201681007,0.08482333004202518,ok,2161
TS appendix,9,4.0,0.3392933201681007,0.08482333004202518,ok,6754
TS direct,9,4.0,0.3392933201681007,0.08482333004202518,ok,6746
Xu2021 observation-free UCB,9,4.0,0.3392933201681007,0.08482333004202518,ok,2122.0
Xu2021 observation-free TS,9,4.0,0.3392933201681007,0.08482333004202518,ok,2122.0
UCB appendix,9,5.0,0.4241166502101259,0.08482333004202518,ok,1427
UCB direct,9,5.0,0.4241166502101259,0.08482333004202518,ok,1418
TS appendix,9,5.0,0.4241166502101259,0.08482333004202518,ok,4582
TS direct,9,5.0,0.4241166502101259,0.08482333004202518,ok,4572
Xu2021 observation-free UCB,9,5.0,0.4241166502101259,0.08482333004202518,ok,1358.0
Xu2021 observation-free TS,9,5.0,0.4241166502101259,0.08482333004202518,ok,1358.0
UCB appendix,9,6.0,0.508939980252151,0.08482333004202518,ok,1011
UCB direct,9,6.0,0.508939980252151,0.08482333004202518,ok,1002
TS appendix,9,6.0,0.508939980252151,0.08482333004202518,ok,3390
TS direct,9,6.0,0.508939980252151,0.08482333004202518,ok,3378
Xu2021 observation-free UCB,9,6.0,0.508939980252151,0.08482333004202518,ok,944.0
Xu2021 observation-free TS,9,6.0,0.508939980252151,0.08482333004202518,ok,944.0
