algorithm,repeat,T,status,native_cost,target_ratio,post_phase_ratio,target_pulls,non_target_pulls,clipped_cost,requested_cost,sample_equivalent_cost
Jun2018 clipped UCB,0,100000,failed,64331,0.18964,,18964,81036,24316795.67116913,24381126.67116924,
Zuo2024 clipped TS,0,100000,failed,55935,0.29391,,29391,70609,5.37593787265994e+17,5.3759378726605056e+17,
Xu2021 observation-free UCB,0,100000,infeasible,828932.0,,,,,0.0,828932.0,8289320.0
Xu2021 observation-free TS,0,100000,infeasible,828932.0,,,,,0.0,828932.0,8289320.0
Jun2018 clipped UCB,0,250000,failed,146668,0.259624,,64906,185094,76427659.57904524,76574327.5790455,
Zuo2024 clipped TS,0,250000,failed,100060,0.495508,,123877,126123,1.7151545894340255e+18,1.7151545894341253e+18,
Xu2021 observation-free UCB,0,250000,infeasible,894904.0,,,,,0.0,894904.0,8949040.0
Xu2021 observation-free TS,0,250000,infeasible,894904.0,,,,,0.0,894904.0,8949040.0
Jun2018 clipped UCB,0,400000,failed,210953,0.3353475,,134139,265861,112508647.87900129,112719600.87900102,
Zuo2024 clipped TS,0,400000,failed,114405,0.6391575,,255663,144337,2.2462931130910636e+18,2.2462931130911818e+18,
Xu2021 observation-free UCB,0,400000,infeasible,928744.0,,,,,0.0,928744.0,9287440.0
Xu2021 observation-free TS,0,400000,infeasible,928744.0,,,,,0.0,928744.0,9287440.0
Jun2018 clipped UCB,0,550000,failed,267669,0.38522727272727275,,211875,338125,142507246.56507328,142774915.56507427,
Zuo2024 clipped TS,0,550000,failed,135610,0.6890381818181818,,378971,171029,3.1538649925451453e+18,3.15386499254528e+18,
Xu2021 observation-free UCB,0,550000,infeasible,951674.0,,,,,0.0,951674.0,9516740.0
Xu2021 observation-free TS,0,550000,infeasible,951674.0,,,,,0.0,951674.0,9516740.0
Jun2018 clipped UCB,0,700000,failed,307454,0.44627428571428573,,312392,387608,151176653.18514627,151484107.18514663,
Zuo2024 clipped TS,0,700000,failed,145395,0.7381842857142857,,516729,183271,3.62149511437126e+18,3.6214951143714033e+18,
Xu2021 observation-free UCB,0,700000,infeasible,969038.0,,,,,0.0,969038.0,9690380.0
Xu2021 observation-free TS,0,700000,infeasible,969038.0,,,,,0.0,969038.0,9690380.0
Jun2018 clipped UCB,0,850000,failed,350951,0.4795835294117647,,407646,442354,177809145.8896678,178160096.88966691,
Zuo2024 clipped TS,0,850000,failed,155512,0.7689470588235294,,653605,196395,4.1587209320183066e+18,4.158720932018462e+18,
Xu2021 observation-free UCB,0,850000,infeasible,983016.0,,,,,0.0,983016.0,9830160.0
Xu2021 observation-free TS,0,850000,infeasible,983016.0,,,,,0.0,983016.0,9830160.0
Jun2018 clipped UCB,0,1000000,failed,377479,0.523651,,523651,476349,198948832.51311374,199326311.51311353,
Zuo2024 clipped TS,0,1000000,failed,156584,0.802604,,802604,197396,4.2012205280522307e+18,4.2012205280523935e+18,
Xu2021 observation-free UCB,0,1000000,simulated,994718.0,0.552376,1.0,552376,447624,0.0,994718.0,9947180.0
Xu2021 observation-free TS,0,1000000,simulated,994718.0,0.552348,1.0,552348,447652,0.0,994718.0,9947180.0
Jun2018 clipped UCB,1,100000,failed,63662,0.19461,,19461,80539,24960029.78563737,25023691.785637375,
Zuo2024 clipped TS,1,100000,failed,54063,0.31814,,31814,68186,5.0135047601172986e+17,5.0135047601178554e+17,
Xu2021 observation-free UCB,1,100000,infeasible,828932.0,,,,,0.0,828932.0,8289320.0
Xu2021 observation-free TS,1,100000,infeasible,828932.0,,,,,0.0,828932.0,8289320.0
Jun2018 clipped UCB,1,250000,failed,142985,0.278132,,69533,180467,67680181.01223654,67823166.01223665,
Zuo2024 clipped TS,1,250000,failed,97453,0.508184,,127046,122954,1.6300571358773932e+18,1.6300571358774915e+18,
Xu2021 observation-free UCB,1,250000,infeasible,894904.0,,,,,0.0,894904.0,8949040.0
Xu2021 observation-free TS,1,250000,infeasible,894904.0,,,,,0.0,894904.0,8949040.0
Jun2018 clipped UCB,1,400000,failed,206306,0.3475675,,139027,260973,100966073.94788757,101172379.94788782,
Zuo2024 clipped TS,1,400000,failed,114785,0.638015,,255206,144794,2.260573925443424e+18,2.26057392544354e+18,
Xu2021 observation-free UCB,1,400000,infeasible,928744.0,,,,,0.0,928744.0,9287440.0
Xu2021 observation-free TS,1,400000,infeasible,928744.0,,,,,0.0,928744.0,9287440.0
Jun2018 clipped UCB,1,550000,failed,265073,0.39251636363636366,,215884,334116,140727747.47156617,140992820.471566,
Zuo2024 clipped TS,1,550000,failed,135681,0.6887927272727272,,378836,171164,3.158838358875099e+18,3.158838358875233e+18,
Xu2021 observation-free UCB,1,550000,infeasible,951674.0,,,,,0.0,951674.0,9516740.0
Xu2021 observation-free TS,1,550000,infeasible,951674.0,,,,,0.0,951674.0,9516740.0
Jun2018 clipped UCB,1,700000,failed,308158,0.44381857142857145,,310673,389327,151004467.3840133,151312625.38401288,
Zuo2024 clipped TS,1,700000,failed,147013,0.7353457142857143,,514742,185258,3.7004449077438817e+18,3.7004449077440364e+18,
Xu2021 observation-free UCB,1,700000,infeasible,969038.0,,,,,0.0,969038.0,9690380.0
Xu2021 observation-free TS,1,700000,infeasible,969038.0,,,,,0.0,969038.0,9690380.0
Jun2018 clipped UCB,1,850000,failed,343988,0.4900305882352941,,416526,433474,166854658.39656362,167198646.39656374,
Zuo2024 clipped TS,1,850000,failed,151849,0.7746776470588236,,658476,191524,3.9550003995013524e+18,3.9550003995015025e+18,
Xu2021 observation-free UCB,1,850000,infeasible,983016.0,,,,,0.0,983016.0,9830160.0
Xu2021 observation-free TS,1,850000,infeasible,983016.0,,,,,0.0,983016.0,9830160.0
Jun2018 clipped UCB,1,1000000,failed,373766,0.527977,,527977,472023,186679112.7777513,187052878.77775264,
Zuo2024 clipped TS,1,1000000,failed,166976,0.789289,,789289,210711,4.787103660364263e+18,4.787103660364431e+18,
Xu2021 observation-free UCB,1,1000000,simulated,994718.0,0.552376,1.0,552376,447624,0.0,994718.0,9947180.0
Xu2021 observation-free TS,1,1000000,simulated,994718.0,0.552387,1.0,552387,447613,0.0,994718.0,9947180.0
Jun2018 clipped UCB,2,100000,failed,64470,0.18475,,18475,81525,25698821.420478564,25763291.42047859,
Zuo2024 clipped TS,2,100000,failed,52150,0.34231,,34231,65769,4.664300608190174e+17,4.664300608190689e+17,
Xu2021 observation-free UCB,2,100000,infeasible,828932.0,,,,,0.0,828932.0,8289320.0
Xu2021 observation-free TS,2,100000,infeasible,828932.0,,,,,0.0,828932.0,8289320.0
Jun2018 clipped UCB,2,250000,failed,146245,0.26188,,65470,184530,74876695.88389777,75022940.8838979,
Zuo2024 clipped TS,2,250000,failed,94922,0.52098,,130245,119755,1.5463256261223598e+18,1.546325626122455e+18,
Xu2021 observation-free UCB,2,250000,infeasible,894904.0,,,,,0.0,894904.0,8949040.0
Xu2021 observation-free TS,2,250000,infeasible,894904.0,,,,,0.0,894904.0,8949040.0
Jun2018 clipped UCB,2,400000,failed,209041,0.3393975,,135759,264241,107704097.82930326,107913138.82930349,
Zuo2024 clipped TS,2,400000,failed,122640,0.61326,,245304,154696,2.5802864472464046e+18,2.5802864472465295e+18,
Xu2021 observation-free UCB,2,400000,infeasible,928744.0,,,,,0.0,928744.0,9287440.0
Xu2021 observation-free TS,2,400000,infeasible,928744.0,,,,,0.0,928744.0,9287440.0
Jun2018 clipped UCB,2,550000,failed,266103,0.3895636363636364,,214260,335740,146507440.4296504,146773543.42964992,
Zuo2024 clipped TS,2,550000,failed,135068,0.6894836363636364,,379216,170784,3.1448325653276984e+18,3.1448325653278377e+18,
Xu2021 observation-free UCB,2,550000,infeasible,951674.0,,,,,0.0,951674.0,9516740.0
Xu2021 observation-free TS,2,550000,infeasible,951674.0,,,,,0.0,951674.0,9516740.0
Jun2018 clipped UCB,2,700000,failed,311659,0.43813857142857143,,306697,393303,159210961.43734333,159522620.43734413,
Zuo2024 clipped TS,2,700000,failed,148962,0.73132,,511924,188076,3.813866645127402e+18,3.8138666451275494e+18,
Xu2021 observation-free UCB,2,700000,infeasible,969038.0,,,,,0.0,969038.0,9690380.0
Xu2021 observation-free TS,2,700000,infeasible,969038.0,,,,,0.0,969038.0,9690380.0
Jun2018 clipped UCB,2,850000,failed,348592,0.48293411764705885,,410494,439506,172869807.6821681,173218399.6821676,
Zuo2024 clipped TS,2,850000,failed,154148,0.77134,,655639,194361,4.0730268300642995e+18,4.073026830064454e+18,
Xu2021 observation-free UCB,2,850000,infeasible,983016.0,,,,,0.0,983016.0,9830160.0
Xu2021 observation-free TS,2,850000,infeasible,983016.0,,,,,0.0,983016.0,9830160.0
Jun2018 clipped UCB,2,1000000,failed,380443,0.520437,,520437,479563,182923405.1256879,183303848.12568685,
Zuo2024 clipped TS,2,1000000,failed,163918,0.793508,,793508,206492,4.5973374434319493e+18,4.597337443432113e+18,
Xu2021 observation-free UCB,2,1000000,simulated,994718.0,0.552376,1.0,552376,447624,0.0,994718.0,9947180.0
Xu2021 observation-free TS,2,1000000,simulated,994718.0,0.552335,1.0,552335,447665,0.0,994718.0,9947180.0
Jun2018 clipped UCB,3,100000,failed,64438,0.18815,,18815,81185,25044833.051309556,25109271.051309567,
Zuo2024 clipped TS,3,100000,failed,52817,0.33368,,33368,66632,4.7874877390231584e+17,4.7874877390236954e+17,
Xu2021 observation-free UCB,3,100000,infeasible,828932.0,,,,,0.0,828932.0,8289320.0
Xu2021 observation-free TS,3,100000,infeasible,828932.0,,,,,0.0,828932.0,8289320.0
Jun2018 clipped UCB,3,250000,failed,145649,0.26504,,66260,183740,69041898.44209956,69187547.44209935,
Zuo2024 clipped TS,3,250000,failed,92659,0.532052,,133013,116987,1.47567666383264e+18,1.4756766638327316e+18,
Xu2021 observation-free UCB,3,250000,infeasible,894904.0,,,,,0.0,894904.0,8949040.0
Xu2021 observation-free TS,3,250000,infeasible,894904.0,,,,,0.0,894904.0,8949040.0
Jun2018 clipped UCB,3,400000,failed,210756,0.3341325,,133653,266347,105348467.09714872,105559223.0971493,
Zuo2024 clipped TS,3,400000,failed,123149,0.6119725,,244789,155211,2.597498868363877e+18,2.597498868364003e+18,
Xu2021 observation-free UCB,3,400000,infeasible,928744.0,,,,,0.0,928744.0,9287440.0
Xu2021 observation-free TS,3,400000,infeasible,928744.0,,,,,0.0,928744.0,9287440.0
Jun2018 clipped UCB,3,550000,failed,264911,0.39242,,215831,334169,136273079.41168997,136537990.4116904,
Zuo2024 clipped TS,3,550000,failed,133581,0.6935709090909091,,381464,168536,3.062582557959455e+18,3.0625825579595863e+18,
Xu2021 observation-free UCB,3,550000,infeasible,951674.0,,,,,0.0,951674.0,9516740.0
Xu2021 observation-free TS,3,550000,infeasible,951674.0,,,,,0.0,951674.0,9516740.0
Jun2018 clipped UCB,3,700000,failed,309016,0.4434057142857143,,310384,389616,156265217.01508904,156574233.0150897,
Zuo2024 clipped TS,3,700000,failed,146981,0.7350514285714286,,514536,185464,3.7087082976657367e+18,3.708708297665888e+18,
Xu2021 observation-free UCB,3,700000,infeasible,969038.0,,,,,0.0,969038.0,9690380.0
Xu2021 observation-free TS,3,700000,infeasible,969038.0,,,,,0.0,969038.0,9690380.0
Jun2018 clipped UCB,3,850000,failed,344689,0.4883223529411765,,415074,434926,167991550.1969666,168336239.19696665,
Zuo2024 clipped TS,3,850000,failed,153661,0.77202,,656217,193783,4.0488564549691213e+18,4.0488564549692744e+18,
Xu2021 observation-free UCB,3,850000,infeasible,983016.0,,,,,0.0,983016.0,9830160.0
Xu2021 observation-free TS,3,850000,infeasible,983016.0,,,,,0.0,983016.0,9830160.0
Jun2018 clipped UCB,3,1000000,failed,374101,0.528124,,528124,471876,184707455.5629789,185081556.5629791,
Zuo2024 clipped TS,3,1000000,failed,160392,0.797788,,797788,202212,4.4087537953163884e+18,4.408753795316551e+18,
Xu2021 observation-free UCB,3,1000000,simulated,994718.0,0.552376,1.0,552376,447624,0.0,994718.0,9947180.0
Xu2021 observation-free TS,3,1000000,simulated,994718.0,0.552255,1.0,552255,447745,0.0,994718.0,9947180.0
Jun2018 clipped UCB,4,100000,failed,64236,0.18917,,18917,81083,24728189.22630051,24792425.226300597,
Zuo2024 clipped TS,4,100000,failed,54551,0.3118,,31180,68820,5.107242285853621e+17,5.1072422858541754e+17,
Xu2021 observation-free UCB,4,100000,infeasible,828932.0,,,,,0.0,828932.0,8289320.0
Xu2021 observation-free TS,4,100000,infeasible,828932.0,,,,,0.0,828932.0,8289320.0
Jun2018 clipped UCB,4,250000,failed,147842,0.254464,,63616,186384,75999446.3906472,76147288.39064725,
Zuo2024 clipped TS,4,250000,failed,93949,0.525864,,131466,118534,1.5149633600886892e+18,1.514963360088785e+18,
Xu2021 observation-free UCB,4,250000,infeasible,894904.0,,,,,0.0,894904.0,8949040.0
Xu2021 observation-free TS,4,250000,infeasible,894904.0,,,,,0.0,894904.0,8949040.0
Jun2018 clipped UCB,4,400000,failed,210401,0.33652,,134608,265392,105698776.60084751,105909177.6008473,
Zuo2024 clipped TS,4,400000,failed,118748,0.62597,,250388,149612,2.4134820297928146e+18,2.41348202979293e+18,
Xu2021 observation-free UCB,4,400000,infeasible,928744.0,,,,,0.0,928744.0,9287440.0
Xu2021 observation-free TS,4,400000,infeasible,928744.0,,,,,0.0,928744.0,9287440.0
Jun2018 clipped UCB,4,550000,failed,262758,0.39709636363636364,,218403,331597,130829689.93130618,131092447.93130629,
Zuo2024 clipped TS,4,550000,failed,136614,0.6866563636363636,,377661,172339,3.202405749174372e+18,3.202405749174512e+18,
Xu2021 observation-free UCB,4,550000,infeasible,951674.0,,,,,0.0,951674.0,9516740.0
Xu2021 observation-free TS,4,550000,infeasible,951674.0,,,,,0.0,951674.0,9516740.0
Jun2018 clipped UCB,4,700000,failed,308035,0.44510285714285713,,311572,388428,148599505.32570633,148907540.32570568,
Zuo2024 clipped TS,4,700000,failed,146722,0.7356657142857143,,514966,185034,3.691532754927271e+18,3.69153275492742e+18,
Xu2021 observation-free UCB,4,700000,infeasible,969038.0,,,,,0.0,969038.0,9690380.0
Xu2021 observation-free TS,4,700000,infeasible,969038.0,,,,,0.0,969038.0,9690380.0
Jun2018 clipped UCB,4,850000,failed,342532,0.49116,,417486,432514,158734216.84836042,159076748.84836012,
Zuo2024 clipped TS,4,850000,failed,155336,0.7695329411764706,,654103,195897,4.137670116742027e+18,4.137670116742184e+18,
Xu2021 observation-free UCB,4,850000,infeasible,983016.0,,,,,0.0,983016.0,9830160.0
Xu2021 observation-free TS,4,850000,infeasible,983016.0,,,,,0.0,983016.0,9830160.0
Jun2018 clipped UCB,4,1000000,failed,374034,0.527504,,527504,472496,168074851.03200328,168448885.03200346,
Zuo2024 clipped TS,4,1000000,failed,162720,0.794374,,794374,205626,4.5588388631031393e+18,4.558838863103307e+18,
Xu2021 observation-free UCB,4,1000000,simulated,994718.0,0.552376,1.0,552376,447624,0.0,994718.0,9947180.0
Xu2021 observation-free TS,4,1000000,simulated,994718.0,0.552213,1.0,552213,447787,0.0,994718.0,9947180.0
Jun2018 clipped UCB,5,100000,failed,64842,0.18229,,18229,81771,26547959.60983491,26612801.609834842,
Zuo2024 clipped TS,5,100000,failed,54200,0.31629,,31629,68371,5.040728466101394e+17,5.04072846610194e+17,
Xu2021 observation-free UCB,5,100000,infeasible,828932.0,,,,,0.0,828932.0,8289320.0
Xu2021 observation-free TS,5,100000,infeasible,828932.0,,,,,0.0,828932.0,8289320.0
Jun2018 clipped UCB,5,250000,failed,143831,0.273448,,68362,181638,71167414.49060069,71311245.49060045,
Zuo2024 clipped TS,5,250000,failed,95272,0.519716,,129929,120071,1.5545037278813215e+18,1.5545037278814162e+18,
Xu2021 observation-free UCB,5,250000,infeasible,894904.0,,,,,0.0,894904.0,8949040.0
Xu2021 observation-free TS,5,250000,infeasible,894904.0,,,,,0.0,894904.0,8949040.0
Jun2018 clipped UCB,5,400000,failed,209234,0.339745,,135898,264102,103393949.43458235,103603183.43458226,
Zuo2024 clipped TS,5,400000,failed,120466,0.61985,,247940,152060,2.493068328852213e+18,2.4930683288523397e+18,
Xu2021 observation-free UCB,5,400000,infeasible,928744.0,,,,,0.0,928744.0,9287440.0
Xu2021 observation-free TS,5,400000,infeasible,928744.0,,,,,0.0,928744.0,9287440.0
Jun2018 clipped UCB,5,550000,failed,260076,0.4041763636363636,,222297,327703,126857693.03686738,127117769.03686722,
Zuo2024 clipped TS,5,550000,failed,134080,0.6923272727272727,,380780,169220,3.08750427928836e+18,3.087504279288497e+18,
Xu2021 observation-free UCB,5,550000,infeasible,951674.0,,,,,0.0,951674.0,9516740.0
Xu2021 observation-free TS,5,550000,infeasible,951674.0,,,,,0.0,951674.0,9516740.0
Jun2018 clipped UCB,5,700000,failed,310356,0.44008857142857144,,308062,391938,151968238.13768294,152278594.13768288,
Zuo2024 clipped TS,5,700000,failed,145004,0.7389757142857143,,517283,182717,3.5997117966809585e+18,3.599711796681106e+18,
Xu2021 observation-free UCB,5,700000,infeasible,969038.0,,,,,0.0,969038.0,9690380.0
Xu2021 observation-free TS,5,700000,infeasible,969038.0,,,,,0.0,969038.0,9690380.0
Jun2018 clipped UCB,5,850000,failed,341810,0.49249882352941177,,418624,431376,166970315.27945638,167312125.2794564,
Zuo2024 clipped TS,5,850000,failed,152126,0.7741705882352942,,658045,191955,3.9728166222896543e+18,3.9728166222898135e+18,
Xu2021 observation-free UCB,5,850000,infeasible,983016.0,,,,,0.0,983016.0,9830160.0
Xu2021 observation-free TS,5,850000,infeasible,983016.0,,,,,0.0,983016.0,9830160.0
Jun2018 clipped UCB,5,1000000,failed,369377,0.533728,,533728,466272,184825210.85420328,185194587.85420263,
Zuo2024 clipped TS,5,1000000,failed,159657,0.798831,,798831,201169,4.3633529734967183e+18,4.363352973496876e+18,
Xu2021 observation-free UCB,5,1000000,simulated,994718.0,0.552376,1.0,552376,447624,0.0,994718.0,9947180.0
Xu2021 observation-free TS,5,1000000,simulated,994718.0,0.552334,1.0,552334,447666,0.0,994718.0,9947180.0
Jun2018 clipped UCB,6,100000,failed,64646,0.18559,,18559,81441,25702999.14348226,25767645.14348226,
Zuo2024 clipped TS,6,100000,failed,53683,0.32335,,32335,67665,4.937114510080367e+17,4.937114510080905e+17,
Xu2021 observation-free UCB,6,100000,infeasible,828932.0,,,,,0.0,828932.0,8289320.0
Xu2021 observation-free TS,6,100000,infeasible,828932.0,,,,,0.0,828932.0,8289320.0
Jun2018 clipped UCB,6,250000,failed,145642,0.265352,,66338,183662,73199689.89993693,73345331.89993697,
Zuo2024 clipped TS,6,250000,failed,95556,0.517632,,129408,120592,1.5680060169874962e+18,1.5680060169875935e+18,
Xu2021 observation-free UCB,6,250000,infeasible,894904.0,,,,,0.0,894904.0,8949040.0
Xu2021 observation-free TS,6,250000,infeasible,894904.0,,,,,0.0,894904.0,8949040.0
Jun2018 clipped UCB,6,400000,failed,211984,0.3327175,,133087,266913,110449091.42555234,110661075.42555214,
Zuo2024 clipped TS,6,400000,failed,116717,0.6322525,,252901,147099,2.3330784389012746e+18,2.3330784389013955e+18,
Xu2021 observation-free UCB,6,400000,infeasible,928744.0,,,,,0.0,928744.0,9287440.0
Xu2021 observation-free TS,6,400000,infeasible,928744.0,,,,,0.0,928744.0,9287440.0
Jun2018 clipped UCB,6,550000,failed,261885,0.3985109090909091,,219181,330819,134795968.76661223,135057853.7666125,
Zuo2024 clipped TS,6,550000,failed,132285,0.6969163636363637,,383304,166696,2.9960905531833646e+18,2.9960905531835044e+18,
Xu2021 observation-free UCB,6,550000,infeasible,951674.0,,,,,0.0,951674.0,9516740.0
Xu2021 observation-free TS,6,550000,infeasible,951674.0,,,,,0.0,951674.0,9516740.0
Jun2018 clipped UCB,6,700000,failed,306674,0.44710428571428573,,312973,387027,146437982.1070719,146744656.10707206,
Zuo2024 clipped TS,6,700000,failed,149021,0.7314185714285715,,511993,188007,3.811077207236455e+18,3.8110772072366034e+18,
Xu2021 observation-free UCB,6,700000,infeasible,969038.0,,,,,0.0,969038.0,9690380.0
Xu2021 observation-free TS,6,700000,infeasible,969038.0,,,,,0.0,969038.0,9690380.0
Jun2018 clipped UCB,6,850000,failed,346787,0.48593882352941176,,413048,436952,164089842.82793716,164436629.82793677,
Zuo2024 clipped TS,6,850000,failed,148433,0.7796364705882353,,662691,187309,3.782835849776267e+18,3.782835849776416e+18,
Xu2021 observation-free UCB,6,850000,infeasible,983016.0,,,,,0.0,983016.0,9830160.0
Xu2021 observation-free TS,6,850000,infeasible,983016.0,,,,,0.0,983016.0,9830160.0
Jun2018 clipped UCB,6,1000000,failed,375142,0.526502,,526502,473498,179112216.7082094,179487358.70821014,
Zuo2024 clipped TS,6,1000000,failed,161699,0.795932,,795932,204068,4.490082994066218e+18,4.490082994066374e+18,
Xu2021 observation-free UCB,6,1000000,simulated,994718.0,0.552376,1.0,552376,447624,0.0,994718.0,9947180.0
Xu2021 observation-free TS,6,1000000,simulated,994718.0,0.552308,1.0,552308,447692,0.0,994718.0,9947180.0
Jun2018 clipped UCB,7,100000,failed,65265,0.17963,,17963,82037,26700157.738228977,26765422.73822899,
Zuo2024 clipped TS,7,100000,failed,56062,0.29395,,29395,70605,5.375542754115271e+17,5.3755427541158464e+17,
Xu2021 observation-free UCB,7,100000,infeasible,828932.0,,,,,0.0,828932.0,8289320.0
Xu2021 observation-free TS,7,100000,infeasible,828932.0,,,,,0.0,828932.0,8289320.0
Jun2018 clipped UCB,7,250000,failed,145229,0.266588,,66647,183353,71915748.00940938,72060977.00940916,
Zuo2024 clipped TS,7,250000,failed,92126,0.534872,,133718,116282,1.4579402681869524e+18,1.4579402681870444e+18,
Xu2021 observation-free UCB,7,250000,infeasible,894904.0,,,,,0.0,894904.0,8949040.0
Xu2021 observation-free TS,7,250000,infeasible,894904.0,,,,,0.0,894904.0,8949040.0
Jun2018 clipped UCB,7,400000,failed,209783,0.33889,,135556,264444,102088138.03229098,102297921.03229153,
Zuo2024 clipped TS,7,400000,failed,118770,0.625475,,250190,149810,2.4199125335144986e+18,2.419912533514613e+18,
Xu2021 observation-free UCB,7,400000,infeasible,928744.0,,,,,0.0,928744.0,9287440.0
Xu2021 observation-free TS,7,400000,infeasible,928744.0,,,,,0.0,928744.0,9287440.0
Jun2018 clipped UCB,7,550000,failed,269454,0.3823509090909091,,210293,339707,138806485.37620705,139075939.37620583,
Zuo2024 clipped TS,7,550000,failed,138175,0.6829763636363636,,375637,174363,3.2780366050634496e+18,3.278036605063584e+18,
Xu2021 observation-free UCB,7,550000,infeasible,951674.0,,,,,0.0,951674.0,9516740.0
Xu2021 observation-free TS,7,550000,infeasible,951674.0,,,,,0.0,951674.0,9516740.0
Jun2018 clipped UCB,7,700000,failed,308418,0.4436857142857143,,310580,389420,164986494.70057797,165294912.70057806,
Zuo2024 clipped TS,7,700000,failed,146334,0.7362285714285715,,515360,184640,3.675825294906488e+18,3.675825294906625e+18,
Xu2021 observation-free UCB,7,700000,infeasible,969038.0,,,,,0.0,969038.0,9690380.0
Xu2021 observation-free TS,7,700000,infeasible,969038.0,,,,,0.0,969038.0,9690380.0
Jun2018 clipped UCB,7,850000,failed,342576,0.4918364705882353,,418061,431939,162691583.9745304,163034159.97453,
Zuo2024 clipped TS,7,850000,failed,154708,0.7702529411764706,,654715,195285,4.111846876972195e+18,4.111846876972352e+18,
Xu2021 observation-free UCB,7,850000,infeasible,983016.0,,,,,0.0,983016.0,9830160.0
Xu2021 observation-free TS,7,850000,infeasible,983016.0,,,,,0.0,983016.0,9830160.0
Jun2018 clipped UCB,7,1000000,failed,377195,0.524166,,524166,475834,178587613.6129505,178964808.61294976,
Zuo2024 clipped TS,7,1000000,failed,162406,0.795086,,795086,204914,4.5273648072457037e+18,4.5273648072458706e+18,
Xu2021 observation-free UCB,7,1000000,simulated,994718.0,0.552376,1.0,552376,447624,0.0,994718.0,9947180.0
Xu2021 observation-free TS,7,1000000,simulated,994718.0,0.552217,1.0,552217,447783,0.0,994718.0,9947180.0
Jun2018 clipped UCB,8,100000,failed,63241,0.20061,,20061,79939,23517774.67856295,23581015.67856297,
Zuo2024 clipped TS,8,100000,failed,53326,0.32557,,32557,67443,4.904848928546312e+17,4.904848928546842e+17,
Xu2021 observation-free UCB,8,100000,infeasible,828932.0,,,,,0.0,828932.0,8289320.0
Xu2021 observation-free TS,8,100000,infeasible,828932.0,,,,,0.0,828932.0,8289320.0
Jun2018 clipped UCB,8,250000,failed,145586,0.264916,,66229,183771,71035697.78889355,71181283.7888933,
Zuo2024 clipped TS,8,250000,failed,96553,0.512204,,128051,121949,1.6035142544512192e+18,1.6035142544513144e+18,
Xu2021 observation-free UCB,8,250000,infeasible,894904.0,,,,,0.0,894904.0,8949040.0
Xu2021 observation-free TS,8,250000,infeasible,894904.0,,,,,0.0,894904.0,8949040.0
Jun2018 clipped UCB,8,400000,failed,207392,0.346395,,138558,261442,101124867.98091647,101332259.98091598,
Zuo2024 clipped TS,8,400000,failed,118173,0.627395,,250958,149042,2.3951371030792863e+18,2.3951371030794086e+18,
Xu2021 observation-free UCB,8,400000,infeasible,928744.0,,,,,0.0,928744.0,9287440.0
Xu2021 observation-free TS,8,400000,infeasible,928744.0,,,,,0.0,928744.0,9287440.0
Jun2018 clipped UCB,8,550000,failed,266558,0.38766545454545454,,213216,336784,144583107.10664222,144849665.1066418,
Zuo2024 clipped TS,8,550000,failed,133005,0.6946436363636364,,382054,167946,3.041205218742801e+18,3.0412052187429386e+18,
Xu2021 observation-free UCB,8,550000,infeasible,951674.0,,,,,0.0,951674.0,9516740.0
Xu2021 observation-free TS,8,550000,infeasible,951674.0,,,,,0.0,951674.0,9516740.0
Jun2018 clipped UCB,8,700000,failed,302367,0.4549128571428571,,318439,381561,151865389.21886754,152167756.21886802,
Zuo2024 clipped TS,8,700000,failed,146111,0.7372771428571429,,516094,183906,3.646683845393596e+18,3.646683845393737e+18,
Xu2021 observation-free UCB,8,700000,infeasible,969038.0,,,,,0.0,969038.0,9690380.0
Xu2021 observation-free TS,8,700000,infeasible,969038.0,,,,,0.0,969038.0,9690380.0
Jun2018 clipped UCB,8,850000,failed,340697,0.49451529411764705,,420338,429662,169450783.50269398,169791480.50269246,
Zuo2024 clipped TS,8,850000,failed,156241,0.7677129411764706,,652556,197444,4.203307155644765e+18,4.2033071556449157e+18,
Xu2021 observation-free UCB,8,850000,infeasible,983016.0,,,,,0.0,983016.0,9830160.0
Xu2021 observation-free TS,8,850000,infeasible,983016.0,,,,,0.0,983016.0,9830160.0
Jun2018 clipped UCB,8,1000000,failed,379001,0.521821,,521821,478179,185674522.4891631,186053523.4891629,
Zuo2024 clipped TS,8,1000000,failed,162381,0.795184,,795184,204816,4.5230166965881267e+18,4.52301669658829e+18,
Xu2021 observation-free UCB,8,1000000,simulated,994718.0,0.552376,1.0,552376,447624,0.0,994718.0,9947180.0
Xu2021 observation-free TS,8,1000000,simulated,994718.0,0.552389,1.0,552389,447611,0.0,994718.0,9947180.0
Jun2018 clipped UCB,9,100000,failed,64161,0.18644,,18644,81356,24386443.046304934,24450604.04630497,
Zuo2024 clipped TS,9,100000,failed,52878,0.33342,,33342,66658,4.791609392032695e+17,4.7916093920332326e+17,
Xu2021 observation-free UCB,9,100000,infeasible,828932.0,,,,,0.0,828932.0,8289320.0
Xu2021 observation-free TS,9,100000,infeasible,828932.0,,,,,0.0,828932.0,8289320.0
Jun2018 clipped UCB,9,250000,failed,142415,0.282232,,70558,179442,67251080.47173397,67393495.4717335,
Zuo2024 clipped TS,9,250000,failed,94990,0.519628,,129907,120093,1.5550804437501919e+18,1.555080443750285e+18,
Xu2021 observation-free UCB,9,250000,infeasible,894904.0,,,,,0.0,894904.0,8949040.0
Xu2021 observation-free TS,9,250000,infeasible,894904.0,,,,,0.0,894904.0,8949040.0
Jun2018 clipped UCB,9,400000,failed,211730,0.3318075,,132723,267277,113513692.17631952,113725422.1763196,
Zuo2024 clipped TS,9,400000,failed,118847,0.624995,,249998,150002,2.426110029862915e+18,2.426110029863033e+18,
Xu2021 observation-free UCB,9,400000,infeasible,928744.0,,,,,0.0,928744.0,9287440.0
Xu2021 observation-free TS,9,400000,infeasible,928744.0,,,,,0.0,928744.0,9287440.0
Jun2018 clipped UCB,9,550000,failed,262651,0.39775272727272726,,218764,331236,136333168.5314888,136595819.53148815,
Zuo2024 clipped TS,9,550000,failed,135090,0.6903236363636364,,379678,170322,3.12785358241718e+18,3.1278535824173153e+18,
Xu2021 observation-free UCB,9,550000,infeasible,951674.0,,,,,0.0,951674.0,9516740.0
Xu2021 observation-free TS,9,550000,infeasible,951674.0,,,,,0.0,951674.0,9516740.0
Jun2018 clipped UCB,9,700000,failed,302595,0.45447,,318129,381871,146644559.7019539,146947154.70195392,
Zuo2024 clipped TS,9,700000,failed,149474,0.7305085714285714,,511356,188644,3.8369513000813015e+18,3.836951300081456e+18,
Xu2021 observation-free UCB,9,700000,infeasible,969038.0,,,,,0.0,969038.0,9690380.0
Xu2021 observation-free TS,9,700000,infeasible,969038.0,,,,,0.0,969038.0,9690380.0
Jun2018 clipped UCB,9,850000,failed,344052,0.49006823529411764,,416558,433442,168179146.46755093,168523198.46755308,
Zuo2024 clipped TS,9,850000,failed,153373,0.772815294117647,,656893,193107,4.0206495772397235e+18,4.020649577239873e+18,
Xu2021 observation-free UCB,9,850000,infeasible,983016.0,,,,,0.0,983016.0,9830160.0
Xu2021 observation-free TS,9,850000,infeasible,983016.0,,,,,0.0,983016.0,9830160.0
Jun2018 clipped UCB,9,1000000,failed,372674,0.529482,,529482,470518,175543383.16546592,175916057.1654659,
Zuo2024 clipped TS,9,1000000,failed,162041,0.795502,,795502,204498,4.508957232123878e+18,4.508957232124041e+18,
Xu2021 observation-free UCB,9,1000000,simulated,994718.0,0.552376,1.0,552376,447624,0.0,994718.0,9947180.0
Xu2021 observation-free TS,9,1000000,simulated,994718.0,0.552428,1.0,552428,447572,0.0,994718.0,9947180.0
