algorithm,repeat,multiplier,Delta_K,S_T_over_T,status,cost
UCB appendix,0,0.0,0.0,0.08482333004202518,ok,41883
UCB direct,0,0.0,0.0,0.08482333004202518,ok,36860
TS appendix,0,0.0,0.0,0.08482333004202518,ok,64805
TS direct,0,0.0,0.0,0.08482333004202518,ok,53599
Xu2021 observation-free UCB,0,0.0,0.0,0.08482333004202518,infeasible,
Xu2021 observation-free TS,0,0.0,0.0,0.08482333004202518,infeasible,
UCB appendix,0,0.1,0.008482333004202518,0.08482333004202518,ok,39970
UCB direct,0,0.1,0.008482333004202518,0.08482333004202518,ok,35465
TS appendix,0,0.1,0.008482333004202518,0.08482333004202518,ok,62773
TS direct,0,0.1,0.008482333004202518,0.08482333004202518,ok,52347
Xu2021 observation-free UCB,0,0.1,0.008482333004202518,0.08482333004202518,infeasible,3392934.0
Xu2021 observation-free TS,0,0.1,0.008482333004202518,0.08482333004202518,infeasible,3392934.0
UCB appendix,0,0.2,0.016964666008405037,0.08482333004202518,ok,38055
UCB direct,0,0.2,0.016964666008405037,0.08482333004202518,ok,34046
TS appendix,0,0.2,0.016964666008405037,0.08482333004202518,ok,60741
TS direct,0,0.2,0.016964666008405037,0.08482333004202518,ok,51073
Xu2021 observation-free UCB,0,0.2,0.016964666008405037,0.08482333004202518,infeasible,848234.0
Xu2021 observation-free TS,0,0.2,0.016964666008405037,0.08482333004202518,infeasible,848234.0
UCB appendix,0,0.3,0.025446999012607552,0.08482333004202518,ok,36139
UCB direct,0,0.3,0.025446999012607552,0.08482333004202518,ok,32602
TS appendix,0,0.3,0.025446999012607552,0.08482333004202518,ok,58703
TS direct,0,0.3,0.025446999012607552,0.08482333004202518,ok,49777
Xu2021 observation-free UCB,0,0.3,0.025446999012607552,0.08482333004202518,infeasible,376994.0
Xu2021 observation-free TS,0,0.3,0.025446999012607552,0.08482333004202518,infeasible,376994.0
UCB appendix,0,0.4,0.033929332016810074,0.08482333004202518,ok,34221
UCB direct,0,0.4,0.033929332016810074,0.08482333004202518,ok,31132
TS appendix,0,0.4,0.033929332016810074,0.08482333004202518,ok,56669
TS direct,0,0.4,0.033929332016810074,0.08482333004202518,ok,48459
Xu2021 observation-free UCB,0,0.4,0.033929332016810074,0.08482333004202518,infeasible,212060.0
Xu2021 observation-free TS,0,0.4,0.033929332016810074,0.08482333004202518,infeasible,212060.0
UCB appendix,0,0.5,0.04241166502101259,0.08482333004202518,ok,32304
UCB direct,0,0.5,0.04241166502101259,0.08482333004202518,ok,29637
TS appendix,0,0.5,0.04241166502101259,0.08482333004202518,ok,54633
TS direct,0,0.5,0.04241166502101259,0.08482333004202518,ok,47117
Xu2021 observation-free UCB,0,0.5,0.04241166502101259,0.08482333004202518,ok,135718.0
Xu2021 observation-free TS,0,0.5,0.04241166502101259,0.08482333004202518,ok,135718.0
UCB appendix,0,0.75,0.06361749753151888,0.08482333004202518,ok,27508
UCB direct,0,0.75,0.06361749753151888,0.08482333004202518,ok,25780
TS appendix,0,0.75,0.06361749753151888,0.08482333004202518,ok,49536
TS direct,0,0.75,0.06361749753151888,0.08482333004202518,ok,43655
Xu2021 observation-free UCB,0,0.75,0.06361749753151888,0.08482333004202518,ok,60320.0
Xu2021 observation-free TS,0,0.75,0.06361749753151888,0.08482333004202518,ok,60320.0
UCB appendix,0,1.0,0.08482333004202518,0.08482333004202518,ok,22705
UCB direct,0,1.0,0.08482333004202518,0.08482333004202518,ok,21744
TS appendix,0,1.0,0.08482333004202518,0.08482333004202518,ok,44431
TS direct,0,1.0,0.08482333004202518,0.08482333004202518,ok,40034
Xu2021 observation-free UCB,0,1.0,0.08482333004202518,0.08482333004202518,ok,33930.0
Xu2021 observation-free TS,0,1.0,0.08482333004202518,0.08482333004202518,ok,33930.0
UCB appendix,0,1.5,0.12723499506303776,0.08482333004202518,ok,13260
UCB direct,0,1.5,0.12723499506303776,0.08482333004202518,ok,13177
TS appendix,0,1.5,0.12723499506303776,0.08482333004202518,ok,34204
TS direct,0,1.5,0.12723499506303776,0.08482333004202518,ok,32262
Xu2021 observation-free UCB,0,1.5,0.12723499506303776,0.08482333004202518,ok,15080.0
Xu2021 observation-free TS,0,1.5,0.12723499506303776,0.08482333004202518,ok,15080.0
UCB appendix,0,2.0,0.16964666008405035,0.08482333004202518,ok,7858
UCB direct,0,2.0,0.16964666008405035,0.08482333004202518,ok,7831
TS appendix,0,2.0,0.16964666008405035,0.08482333004202518,ok,23945
TS direct,0,2.0,0.16964666008405035,0.08482333004202518,ok,23697
Xu2021 observation-free UCB,0,2.0,0.16964666008405035,0.08482333004202518,ok,8484.0
Xu2021 observation-free TS,0,2.0,0.16964666008405035,0.08482333004202518,ok,8484.0
UCB appendix,0,3.0,0.2544699901260755,0.08482333004202518,ok,3712
UCB direct,0,3.0,0.2544699901260755,0.08482333004202518,ok,3699
TS appendix,0,3.0,0.2544699901260755,0.08482333004202518,ok,11331
TS direct,0,3.0,0.2544699901260755,0.08482333004202518,ok,11321
Xu2021 observation-free UCB,0,3.0,0.2544699901260755,0.08482333004202518,ok,3770.0
Xu2021 observation-free TS,0,3.0,0.2544699901260755,0.08482333004202518,ok,3770.0
UCB appendix,0,4.0,0.3392933201681007,0.08482333004202518,ok,2167
UCB direct,0,4.0,0.3392933201681007,0.08482333004202518,ok,2158
TS appendix,0,4.0,0.3392933201681007,0.08482333004202518,ok,6752
TS direct,0,4.0,0.3392933201681007,0.08482333004202518,ok,6742
Xu2021 observation-free UCB,0,4.0,0.3392933201681007,0.08482333004202518,ok,2122.0
Xu2021 observation-free TS,0,4.0,0.3392933201681007,0.08482333004202518,ok,2122.0
UCB appendix,0,5.0,0.4241166502101259,0.08482333004202518,ok,1422
UCB direct,0,5.0,0.4241166502101259,0.08482333004202518,ok,1414
TS appendix,0,5.0,0.4241166502101259,0.08482333004202518,ok,4580
TS direct,0,5.0,0.4241166502101259,0.08482333004202518,ok,4571
Xu2021 observation-free UCB,0,5.0,0.4241166502101259,0.08482333004202518,ok,1358.0
Xu2021 observation-free TS,0,5.0,0.4241166502101259,0.08482333004202518,ok,1358.0
UCB appendix,0,6.0,0.508939980252151,0.08482333004202518,ok,1008
UCB direct,0,6.0,0.508939980252151,0.08482333004202518,ok,999
TS appendix,0,6.0,0.508939980252151,0.08482333004202518,ok,3386
TS direct,0,6.0,0.508939980252151,0.08482333004202518,ok,3377
Xu2021 observation-free UCB,0,6.0,0.508939980252151,0.08482333004202518,ok,944.0
Xu2021 observation-free TS,0,6.0,0.508939980252151,0.08482333004202518,ok,944.0
UCB appendix,1,0.0,0.0,0.08482333004202518,ok,41904
UCB direct,1,0.0,0.0,0.08482333004202518,ok,36878
TS appendix,1,0.0,0.0,0.08482333004202518,ok,64821
TS direct,1,0.0,0.0,0.08482333004202518,ok,53611
Xu2021 observation-free UCB,1,0.0,0.0,0.08482333004202518,infeasible,
Xu2021 observation-free TS,1,0.0,0.0,0.08482333004202518,infeasible,
UCB appendix,1,0.1,0.008482333004202518,0.08482333004202518,ok,39990
UCB direct,1,0.1,0.008482333004202518,0.08482333004202518,ok,35483
TS appendix,1,0.1,0.008482333004202518,0.08482333004202518,ok,62790
TS direct,1,0.1,0.008482333004202518,0.08482333004202518,ok,52359
Xu2021 observation-free UCB,1,0.1,0.008482333004202518,0.08482333004202518,infeasible,3392934.0
Xu2021 observation-free TS,1,0.1,0.008482333004202518,0.08482333004202518,infeasible,3392934.0
UCB appendix,1,0.2,0.016964666008405037,0.08482333004202518,ok,38075
UCB direct,1,0.2,0.016964666008405037,0.08482333004202518,ok,34064
TS appendix,1,0.2,0.016964666008405037,0.08482333004202518,ok,60755
TS direct,1,0.2,0.016964666008405037,0.08482333004202518,ok,51086
Xu2021 observation-free UCB,1,0.2,0.016964666008405037,0.08482333004202518,infeasible,848234.0
Xu2021 observation-free TS,1,0.2,0.016964666008405037,0.08482333004202518,infeasible,848234.0
UCB appendix,1,0.3,0.025446999012607552,0.08482333004202518,ok,36160
UCB direct,1,0.3,0.025446999012607552,0.08482333004202518,ok,32620
TS appendix,1,0.3,0.025446999012607552,0.08482333004202518,ok,58721
TS direct,1,0.3,0.025446999012607552,0.08482333004202518,ok,49790
Xu2021 observation-free UCB,1,0.3,0.025446999012607552,0.08482333004202518,infeasible,376994.0
Xu2021 observation-free TS,1,0.3,0.025446999012607552,0.08482333004202518,infeasible,376994.0
UCB appendix,1,0.4,0.033929332016810074,0.08482333004202518,ok,34242
UCB direct,1,0.4,0.033929332016810074,0.08482333004202518,ok,31150
TS appendix,1,0.4,0.033929332016810074,0.08482333004202518,ok,56687
TS direct,1,0.4,0.033929332016810074,0.08482333004202518,ok,48471
Xu2021 observation-free UCB,1,0.4,0.033929332016810074,0.08482333004202518,infeasible,212060.0
Xu2021 observation-free TS,1,0.4,0.033929332016810074,0.08482333004202518,infeasible,212060.0
UCB appendix,1,0.5,0.04241166502101259,0.08482333004202518,ok,32325
UCB direct,1,0.5,0.04241166502101259,0.08482333004202518,ok,29655
TS appendix,1,0.5,0.04241166502101259,0.08482333004202518,ok,54649
TS direct,1,0.5,0.04241166502101259,0.08482333004202518,ok,47129
Xu2021 observation-free UCB,1,0.5,0.04241166502101259,0.08482333004202518,ok,135718.0
Xu2021 observation-free TS,1,0.5,0.04241166502101259,0.08482333004202518,ok,135718.0
UCB appendix,1,0.75,0.06361749753151888,0.08482333004202518,ok,27527
UCB direct,1,0.75,0.06361749753151888,0.08482333004202518,ok,25798
TS appendix,1,0.75,0.06361749753151888,0.08482333004202518,ok,49553
TS direct,1,0.75,0.06361749753151888,0.08482333004202518,ok,43669
Xu2021 observation-free UCB,1,0.75,0.06361749753151888,0.08482333004202518,ok,60320.0
Xu2021 observation-free TS,1,0.75,0.06361749753151888,0.08482333004202518,ok,60320.0
UCB appendix,1,1.0,0.08482333004202518,0.08482333004202518,ok,22725
UCB direct,1,1.0,0.08482333004202518,0.08482333004202518,ok,21763
TS appendix,1,1.0,0.08482333004202518,0.08482333004202518,ok,44448
TS direct,1,1.0,0.08482333004202518,0.08482333004202518,ok,40047
Xu2021 observation-free UCB,1,1.0,0.08482333004202518,0.08482333004202518,ok,33930.0
Xu2021 observation-free TS,1,1.0,0.08482333004202518,0.08482333004202518,ok,33930.0
UCB appendix,1,1.5,0.12723499506303776,0.08482333004202518,ok,13280
UCB direct,1,1.5,0.12723499506303776,0.08482333004202518,ok,13195
TS appendix,1,1.5,0.12723499506303776,0.08482333004202518,ok,34220
TS direct,1,1.5,0.12723499506303776,0.08482333004202518,ok,32277
Xu2021 observation-free UCB,1,1.5,0.12723499506303776,0.08482333004202518,ok,15080.0
Xu2021 observation-free TS,1,1.5,0.12723499506303776,0.08482333004202518,ok,15080.0
UCB appendix,1,2.0,0.16964666008405035,0.08482333004202518,ok,7872
UCB direct,1,2.0,0.16964666008405035,0.08482333004202518,ok,7845
TS appendix,1,2.0,0.16964666008405035,0.08482333004202518,ok,23959
TS direct,1,2.0,0.16964666008405035,0.08482333004202518,ok,23712
Xu2021 observation-free UCB,1,2.0,0.16964666008405035,0.08482333004202518,ok,8484.0
Xu2021 observation-free TS,1,2.0,0.16964666008405035,0.08482333004202518,ok,8484.0
UCB appendix,1,3.0,0.2544699901260755,0.08482333004202518,ok,3721
UCB direct,1,3.0,0.2544699901260755,0.08482333004202518,ok,3709
TS appendix,1,3.0,0.2544699901260755,0.08482333004202518,ok,11344
TS direct,1,3.0,0.2544699901260755,0.08482333004202518,ok,11333
Xu2021 observation-free UCB,1,3.0,0.2544699901260755,0.08482333004202518,ok,3770.0
Xu2021 observation-free TS,1,3.0,0.2544699901260755,0.08482333004202518,ok,3770.0
UCB appendix,1,4.0,0.3392933201681007,0.08482333004202518,ok,2174
UCB direct,1,4.0,0.3392933201681007,0.08482333004202518,ok,2165
TS appendix,1,4.0,0.3392933201681007,0.08482333004202518,ok,6760
TS direct,1,4.0,0.3392933201681007,0.08482333004202518,ok,6751
Xu2021 observation-free UCB,1,4.0,0.3392933201681007,0.08482333004202518,ok,2122.0
Xu2021 observation-free TS,1,4.0,0.3392933201681007,0.08482333004202518,ok,2122.0
UCB appendix,1,5.0,0.4241166502101259,0.08482333004202518,ok,1428
UCB direct,1,5.0,0.4241166502101259,0.08482333004202518,ok,1420
TS appendix,1,5.0,0.4241166502101259,0.08482333004202518,ok,4588
TS direct,1,5.0,0.4241166502101259,0.08482333004202518,ok,4578
Xu2021 observation-free UCB,1,5.0,0.4241166502101259,0.08482333004202518,ok,1358.0
Xu2021 observation-free TS,1,5.0,0.4241166502101259,0.08482333004202518,ok,1358.0
UCB appendix,1,6.0,0.508939980252151,0.08482333004202518,ok,1012
UCB direct,1,6.0,0.508939980252151,0.08482333004202518,ok,1003
TS appendix,1,6.0,0.508939980252151,0.08482333004202518,ok,3392
TS direct,1,6.0,0.508939980252151,0.08482333004202518,ok,3382
Xu2021 observation-free UCB,1,6.0,0.508939980252151,0.08482333004202518,ok,944.0
Xu2021 observation-free TS,1,6.0,0.508939980252151,0.08482333004202518,ok,944.0
UCB appendix,2,0.0,0.0,0.08482333004202518,ok,41902
UCB direct,2,0.0,0.0,0.08482333004202518,ok,36875
TS appendix,2,0.0,0.0,0.08482333004202518,ok,64820
TS direct,2,0.0,0.0,0.08482333004202518,ok,53609
Xu2021 observation-free UCB,2,0.0,0.0,0.08482333004202518,infeasible,
Xu2021 observation-free TS,2,0.0,0.0,0.08482333004202518,infeasible,
UCB appendix,2,0.1,0.008482333004202518,0.08482333004202518,ok,39987
UCB direct,2,0.1,0.008482333004202518,0.08482333004202518,ok,35480
TS appendix,2,0.1,0.008482333004202518,0.08482333004202518,ok,62788
TS direct,2,0.1,0.008482333004202518,0.08482333004202518,ok,52357
Xu2021 observation-free UCB,2,0.1,0.008482333004202518,0.08482333004202518,infeasible,3392934.0
Xu2021 observation-free TS,2,0.1,0.008482333004202518,0.08482333004202518,infeasible,3392934.0
UCB appendix,2,0.2,0.016964666008405037,0.08482333004202518,ok,38072
UCB direct,2,0.2,0.016964666008405037,0.08482333004202518,ok,34061
TS appendix,2,0.2,0.016964666008405037,0.08482333004202518,ok,60752
TS direct,2,0.2,0.016964666008405037,0.08482333004202518,ok,51084
Xu2021 observation-free UCB,2,0.2,0.016964666008405037,0.08482333004202518,infeasible,848234.0
Xu2021 observation-free TS,2,0.2,0.016964666008405037,0.08482333004202518,infeasible,848234.0
UCB appendix,2,0.3,0.025446999012607552,0.08482333004202518,ok,36157
UCB direct,2,0.3,0.025446999012607552,0.08482333004202518,ok,32617
TS appendix,2,0.3,0.025446999012607552,0.08482333004202518,ok,58719
TS direct,2,0.3,0.025446999012607552,0.08482333004202518,ok,49788
Xu2021 observation-free UCB,2,0.3,0.025446999012607552,0.08482333004202518,infeasible,376994.0
Xu2021 observation-free TS,2,0.3,0.025446999012607552,0.08482333004202518,infeasible,376994.0
UCB appendix,2,0.4,0.033929332016810074,0.08482333004202518,ok,34239
UCB direct,2,0.4,0.033929332016810074,0.08482333004202518,ok,31148
TS appendix,2,0.4,0.033929332016810074,0.08482333004202518,ok,56684
TS direct,2,0.4,0.033929332016810074,0.08482333004202518,ok,48470
Xu2021 observation-free UCB,2,0.4,0.033929332016810074,0.08482333004202518,infeasible,212060.0
Xu2021 observation-free TS,2,0.4,0.033929332016810074,0.08482333004202518,infeasible,212060.0
UCB appendix,2,0.5,0.04241166502101259,0.08482333004202518,ok,32322
UCB direct,2,0.5,0.04241166502101259,0.08482333004202518,ok,29652
TS appendix,2,0.5,0.04241166502101259,0.08482333004202518,ok,54645
TS direct,2,0.5,0.04241166502101259,0.08482333004202518,ok,47128
Xu2021 observation-free UCB,2,0.5,0.04241166502101259,0.08482333004202518,ok,135718.0
Xu2021 observation-free TS,2,0.5,0.04241166502101259,0.08482333004202518,ok,135718.0
UCB appendix,2,0.75,0.06361749753151888,0.08482333004202518,ok,27523
UCB direct,2,0.75,0.06361749753151888,0.08482333004202518,ok,25796
TS appendix,2,0.75,0.06361749753151888,0.08482333004202518,ok,49549
TS direct,2,0.75,0.06361749753151888,0.08482333004202518,ok,43667
Xu2021 observation-free UCB,2,0.75,0.06361749753151888,0.08482333004202518,ok,60320.0
Xu2021 observation-free TS,2,0.75,0.06361749753151888,0.08482333004202518,ok,60320.0
UCB appendix,2,1.0,0.08482333004202518,0.08482333004202518,ok,22723
UCB direct,2,1.0,0.08482333004202518,0.08482333004202518,ok,21760
TS appendix,2,1.0,0.08482333004202518,0.08482333004202518,ok,44447
TS direct,2,1.0,0.08482333004202518,0.08482333004202518,ok,40045
Xu2021 observation-free UCB,2,1.0,0.08482333004202518,0.08482333004202518,ok,33930.0
Xu2021 observation-free TS,2,1.0,0.08482333004202518,0.08482333004202518,ok,33930.0
UCB appendix,2,1.5,0.12723499506303776,0.08482333004202518,ok,13277
UCB direct,2,1.5,0.12723499506303776,0.08482333004202518,ok,13192
TS appendix,2,1.5,0.12723499506303776,0.08482333004202518,ok,34216
TS direct,2,1.5,0.12723499506303776,0.08482333004202518,ok,32275
Xu2021 observation-free UCB,2,1.5,0.12723499506303776,0.08482333004202518,ok,15080.0
Xu2021 observation-free TS,2,1.5,0.12723499506303776,0.08482333004202518,ok,15080.0
UCB appendix,2,2.0,0.16964666008405035,0.08482333004202518,ok,7869
UCB direct,2,2.0,0.16964666008405035,0.08482333004202518,ok,7842
TS appendix,2,2.0,0.16964666008405035,0.08482333004202518,ok,23956
TS direct,2,2.0,0.16964666008405035,0.08482333004202518,ok,23710
Xu2021 observation-free UCB,2,2.0,0.16964666008405035,0.08482333004202518,ok,8484.0
Xu2021 observation-free TS,2,2.0,0.16964666008405035,0.08482333004202518,ok,8484.0
UCB appendix,2,3.0,0.2544699901260755,0.08482333004202518,ok,3719
UCB direct,2,3.0,0.2544699901260755,0.08482333004202518,ok,3708
TS appendix,2,3.0,0.2544699901260755,0.08482333004202518,ok,11342
TS direct,2,3.0,0.2544699901260755,0.08482333004202518,ok,11331
Xu2021 observation-free UCB,2,3.0,0.2544699901260755,0.08482333004202518,ok,3770.0
Xu2021 observation-free TS,2,3.0,0.2544699901260755,0.08482333004202518,ok,3770.0
UCB appendix,2,4.0,0.3392933201681007,0.08482333004202518,ok,2173
UCB direct,2,4.0,0.3392933201681007,0.08482333004202518,ok,2164
TS appendix,2,4.0,0.3392933201681007,0.08482333004202518,ok,6759
TS direct,2,4.0,0.3392933201681007,0.08482333004202518,ok,6749
Xu2021 observation-free UCB,2,4.0,0.3392933201681007,0.08482333004202518,ok,2122.0
Xu2021 observation-free TS,2,4.0,0.3392933201681007,0.08482333004202518,ok,2122.0
UCB appendix,2,5.0,0.4241166502101259,0.08482333004202518,ok,1426
UCB direct,2,5.0,0.4241166502101259,0.08482333004202518,ok,1418
TS appendix,2,5.0,0.4241166502101259,0.08482333004202518,ok,4587
TS direct,2,5.0,0.4241166502101259,0.08482333004202518,ok,4577
Xu2021 observation-free UCB,2,5.0,0.4241166502101259,0.08482333004202518,ok,1358.0
Xu2021 observation-free TS,2,5.0,0.4241166502101259,0.08482333004202518,ok,1358.0
UCB appendix,2,6.0,0.508939980252151,0.08482333004202518,ok,1011
UCB direct,2,6.0,0.508939980252151,0.08482333004202518,ok,1002
TS appendix,2,6.0,0.508939980252151,0.08482333004202518,ok,3390
TS direct,2,6.0,0.508939980252151,0.08482333004202518,ok,3381
Xu2021 observation-free UCB,2,6.0,0.508939980252151,0.08482333004202518,ok,944.0
Xu2021 observation-free TS,2,6.0,0.508939980252151,0.08482333004202518,ok,944.0
UCB appendix,3,0.0,0.0,0.08482333004202518,ok,41881
UCB direct,3,0.0,0.0,0.08482333004202518,ok,36858
TS appendix,3,0.0,0.0,0.08482333004202518,ok,64802
TS direct,3,0.0,0.0,0.08482333004202518,ok,53596
Xu2021 observation-free UCB,3,0.0,0.0,0.08482333004202518,infeasible,
Xu2021 observation-free TS,3,0.0,0.0,0.08482333004202518,infeasible,
UCB appendix,3,0.1,0.008482333004202518,0.08482333004202518,ok,39966
UCB direct,3,0.1,0.008482333004202518,0.08482333004202518,ok,35463
TS appendix,3,0.1,0.008482333004202518,0.08482333004202518,ok,62770
TS direct,3,0.1,0.008482333004202518,0.08482333004202518,ok,52344
Xu2021 observation-free UCB,3,0.1,0.008482333004202518,0.08482333004202518,infeasible,3392934.0
Xu2021 observation-free TS,3,0.1,0.008482333004202518,0.08482333004202518,infeasible,3392934.0
UCB appendix,3,0.2,0.016964666008405037,0.08482333004202518,ok,38052
UCB direct,3,0.2,0.016964666008405037,0.08482333004202518,ok,34044
TS appendix,3,0.2,0.016964666008405037,0.08482333004202518,ok,60737
TS direct,3,0.2,0.016964666008405037,0.08482333004202518,ok,51070
Xu2021 observation-free UCB,3,0.2,0.016964666008405037,0.08482333004202518,infeasible,848234.0
Xu2021 observation-free TS,3,0.2,0.016964666008405037,0.08482333004202518,infeasible,848234.0
UCB appendix,3,0.3,0.025446999012607552,0.08482333004202518,ok,36135
UCB direct,3,0.3,0.025446999012607552,0.08482333004202518,ok,32600
TS appendix,3,0.3,0.025446999012607552,0.08482333004202518,ok,58702
TS direct,3,0.3,0.025446999012607552,0.08482333004202518,ok,49774
Xu2021 observation-free UCB,3,0.3,0.025446999012607552,0.08482333004202518,infeasible,376994.0
Xu2021 observation-free TS,3,0.3,0.025446999012607552,0.08482333004202518,infeasible,376994.0
UCB appendix,3,0.4,0.033929332016810074,0.08482333004202518,ok,34218
UCB direct,3,0.4,0.033929332016810074,0.08482333004202518,ok,31130
TS appendix,3,0.4,0.033929332016810074,0.08482333004202518,ok,56666
TS direct,3,0.4,0.033929332016810074,0.08482333004202518,ok,48456
Xu2021 observation-free UCB,3,0.4,0.033929332016810074,0.08482333004202518,infeasible,212060.0
Xu2021 observation-free TS,3,0.4,0.033929332016810074,0.08482333004202518,infeasible,212060.0
UCB appendix,3,0.5,0.04241166502101259,0.08482333004202518,ok,32301
UCB direct,3,0.5,0.04241166502101259,0.08482333004202518,ok,29635
TS appendix,3,0.5,0.04241166502101259,0.08482333004202518,ok,54629
TS direct,3,0.5,0.04241166502101259,0.08482333004202518,ok,47114
Xu2021 observation-free UCB,3,0.5,0.04241166502101259,0.08482333004202518,ok,135718.0
Xu2021 observation-free TS,3,0.5,0.04241166502101259,0.08482333004202518,ok,135718.0
UCB appendix,3,0.75,0.06361749753151888,0.08482333004202518,ok,27503
UCB direct,3,0.75,0.06361749753151888,0.08482333004202518,ok,25777
TS appendix,3,0.75,0.06361749753151888,0.08482333004202518,ok,49533
TS direct,3,0.75,0.06361749753151888,0.08482333004202518,ok,43652
Xu2021 observation-free UCB,3,0.75,0.06361749753151888,0.08482333004202518,ok,60320.0
Xu2021 observation-free TS,3,0.75,0.06361749753151888,0.08482333004202518,ok,60320.0
UCB appendix,3,1.0,0.08482333004202518,0.08482333004202518,ok,22704
UCB direct,3,1.0,0.08482333004202518,0.08482333004202518,ok,21742
TS appendix,3,1.0,0.08482333004202518,0.08482333004202518,ok,44431
TS direct,3,1.0,0.08482333004202518,0.08482333004202518,ok,40031
Xu2021 observation-free UCB,3,1.0,0.08482333004202518,0.08482333004202518,ok,33930.0
Xu2021 observation-free TS,3,1.0,0.08482333004202518,0.08482333004202518,ok,33930.0
UCB appendix,3,1.5,0.12723499506303776,0.08482333004202518,ok,13259
UCB direct,3,1.5,0.12723499506303776,0.08482333004202518,ok,13175
TS appendix,3,1.5,0.12723499506303776,0.08482333004202518,ok,34201
TS direct,3,1.5,0.12723499506303776,0.08482333004202518,ok,32259
Xu2021 observation-free UCB,3,1.5,0.12723499506303776,0.08482333004202518,ok,15080.0
Xu2021 observation-free TS,3,1.5,0.12723499506303776,0.08482333004202518,ok,15080.0
UCB appendix,3,2.0,0.16964666008405035,0.08482333004202518,ok,7856
UCB direct,3,2.0,0.16964666008405035,0.08482333004202518,ok,7828
TS appendix,3,2.0,0.16964666008405035,0.08482333004202518,ok,23940
TS direct,3,2.0,0.16964666008405035,0.08482333004202518,ok,23694
Xu2021 observation-free UCB,3,2.0,0.16964666008405035,0.08482333004202518,ok,8484.0
Xu2021 observation-free TS,3,2.0,0.16964666008405035,0.08482333004202518,ok,8484.0
UCB appendix,3,3.0,0.2544699901260755,0.08482333004202518,ok,3710
UCB direct,3,3.0,0.2544699901260755,0.08482333004202518,ok,3698
TS appendix,3,3.0,0.2544699901260755,0.08482333004202518,ok,11330
TS direct,3,3.0,0.2544699901260755,0.08482333004202518,ok,11320
Xu2021 observation-free UCB,3,3.0,0.2544699901260755,0.08482333004202518,ok,3770.0
Xu2021 observation-free TS,3,3.0,0.2544699901260755,0.08482333004202518,ok,3770.0
UCB appendix,3,4.0,0.3392933201681007,0.08482333004202518,ok,2165
UCB direct,3,4.0,0.3392933201681007,0.08482333004202518,ok,2156
TS appendix,3,4.0,0.3392933201681007,0.08482333004202518,ok,6751
TS direct,3,4.0,0.3392933201681007,0.08482333004202518,ok,6741
Xu2021 observation-free UCB,3,4.0,0.3392933201681007,0.08482333004202518,ok,2122.0
Xu2021 observation-free TS,3,4.0,0.3392933201681007,0.08482333004202518,ok,2122.0
UCB appendix,3,5.0,0.4241166502101259,0.08482333004202518,ok,1421
UCB direct,3,5.0,0.4241166502101259,0.08482333004202518,ok,1413
TS appendix,3,5.0,0.4241166502101259,0.08482333004202518,ok,4580
TS direct,3,5.0,0.4241166502101259,0.08482333004202518,ok,4570
Xu2021 observation-free UCB,3,5.0,0.4241166502101259,0.08482333004202518,ok,1358.0
Xu2021 observation-free TS,3,5.0,0.4241166502101259,0.08482333004202518,ok,1358.0
UCB appendix,3,6.0,0.508939980252151,0.08482333004202518,ok,1008
UCB direct,3,6.0,0.508939980252151,0.08482333004202518,ok,999
TS appendix,3,6.0,0.508939980252151,0.08482333004202518,ok,3385
TS direct,3,6.0,0.508939980252151,0.08482333004202518,ok,3376
Xu2021 observation-free UCB,3,6.0,0.508939980252151,0.08482333004202518,ok,944.0
Xu2021 observation-free TS,3,6.0,0.508939980252151,0.08482333004202518,ok,944.0
UCB appendix,4,0.0,0.0,0.08482333004202518,ok,41906
UCB direct,4,0.0,0.0,0.08482333004202518,ok,36879
TS appendix,4,0.0,0.0,0.08482333004202518,ok,64823
TS direct,4,0.0,0.0,0.08482333004202518,ok,53612
Xu2021 observation-free UCB,4,0.0,0.0,0.08482333004202518,infeasible,
Xu2021 observation-free TS,4,0.0,0.0,0.08482333004202518,infeasible,
UCB appendix,4,0.1,0.008482333004202518,0.08482333004202518,ok,39993
UCB direct,4,0.1,0.008482333004202518,0.08482333004202518,ok,35484
TS appendix,4,0.1,0.008482333004202518,0.08482333004202518,ok,62791
TS direct,4,0.1,0.008482333004202518,0.08482333004202518,ok,52360
Xu2021 observation-free UCB,4,0.1,0.008482333004202518,0.08482333004202518,infeasible,3392934.0
Xu2021 observation-free TS,4,0.1,0.008482333004202518,0.08482333004202518,infeasible,3392934.0
UCB appendix,4,0.2,0.016964666008405037,0.08482333004202518,ok,38078
UCB direct,4,0.2,0.016964666008405037,0.08482333004202518,ok,34064
TS appendix,4,0.2,0.016964666008405037,0.08482333004202518,ok,60757
TS direct,4,0.2,0.016964666008405037,0.08482333004202518,ok,51086
Xu2021 observation-free UCB,4,0.2,0.016964666008405037,0.08482333004202518,infeasible,848234.0
Xu2021 observation-free TS,4,0.2,0.016964666008405037,0.08482333004202518,infeasible,848234.0
UCB appendix,4,0.3,0.025446999012607552,0.08482333004202518,ok,36160
UCB direct,4,0.3,0.025446999012607552,0.08482333004202518,ok,32621
TS appendix,4,0.3,0.025446999012607552,0.08482333004202518,ok,58723
TS direct,4,0.3,0.025446999012607552,0.08482333004202518,ok,49791
Xu2021 observation-free UCB,4,0.3,0.025446999012607552,0.08482333004202518,infeasible,376994.0
Xu2021 observation-free TS,4,0.3,0.025446999012607552,0.08482333004202518,infeasible,376994.0
UCB appendix,4,0.4,0.033929332016810074,0.08482333004202518,ok,34244
UCB direct,4,0.4,0.033929332016810074,0.08482333004202518,ok,31151
TS appendix,4,0.4,0.033929332016810074,0.08482333004202518,ok,56688
TS direct,4,0.4,0.033929332016810074,0.08482333004202518,ok,48472
Xu2021 observation-free UCB,4,0.4,0.033929332016810074,0.08482333004202518,infeasible,212060.0
Xu2021 observation-free TS,4,0.4,0.033929332016810074,0.08482333004202518,infeasible,212060.0
UCB appendix,4,0.5,0.04241166502101259,0.08482333004202518,ok,32326
UCB direct,4,0.5,0.04241166502101259,0.08482333004202518,ok,29656
TS appendix,4,0.5,0.04241166502101259,0.08482333004202518,ok,54651
TS direct,4,0.5,0.04241166502101259,0.08482333004202518,ok,47130
Xu2021 observation-free UCB,4,0.5,0.04241166502101259,0.08482333004202518,ok,135718.0
Xu2021 observation-free TS,4,0.5,0.04241166502101259,0.08482333004202518,ok,135718.0
UCB appendix,4,0.75,0.06361749753151888,0.08482333004202518,ok,27529
UCB direct,4,0.75,0.06361749753151888,0.08482333004202518,ok,25799
TS appendix,4,0.75,0.06361749753151888,0.08482333004202518,ok,49554
TS direct,4,0.75,0.06361749753151888,0.08482333004202518,ok,43670
Xu2021 observation-free UCB,4,0.75,0.06361749753151888,0.08482333004202518,ok,60320.0
Xu2021 observation-free TS,4,0.75,0.06361749753151888,0.08482333004202518,ok,60320.0
UCB appendix,4,1.0,0.08482333004202518,0.08482333004202518,ok,22727
UCB direct,4,1.0,0.08482333004202518,0.08482333004202518,ok,21764
TS appendix,4,1.0,0.08482333004202518,0.08482333004202518,ok,44450
TS direct,4,1.0,0.08482333004202518,0.08482333004202518,ok,40048
Xu2021 observation-free UCB,4,1.0,0.08482333004202518,0.08482333004202518,ok,33930.0
Xu2021 observation-free TS,4,1.0,0.08482333004202518,0.08482333004202518,ok,33930.0
UCB appendix,4,1.5,0.12723499506303776,0.08482333004202518,ok,13283
UCB direct,4,1.5,0.12723499506303776,0.08482333004202518,ok,13196
TS appendix,4,1.5,0.12723499506303776,0.08482333004202518,ok,34221
TS direct,4,1.5,0.12723499506303776,0.08482333004202518,ok,32278
Xu2021 observation-free UCB,4,1.5,0.12723499506303776,0.08482333004202518,ok,15080.0
Xu2021 observation-free TS,4,1.5,0.12723499506303776,0.08482333004202518,ok,15080.0
UCB appendix,4,2.0,0.16964666008405035,0.08482333004202518,ok,7873
UCB direct,4,2.0,0.16964666008405035,0.08482333004202518,ok,7844
TS appendix,4,2.0,0.16964666008405035,0.08482333004202518,ok,23960
TS direct,4,2.0,0.16964666008405035,0.08482333004202518,ok,23713
Xu2021 observation-free UCB,4,2.0,0.16964666008405035,0.08482333004202518,ok,8484.0
Xu2021 observation-free TS,4,2.0,0.16964666008405035,0.08482333004202518,ok,8484.0
UCB appendix,4,3.0,0.2544699901260755,0.08482333004202518,ok,3721
UCB direct,4,3.0,0.2544699901260755,0.08482333004202518,ok,3712
TS appendix,4,3.0,0.2544699901260755,0.08482333004202518,ok,11344
TS direct,4,3.0,0.2544699901260755,0.08482333004202518,ok,11333
Xu2021 observation-free UCB,4,3.0,0.2544699901260755,0.08482333004202518,ok,3770.0
Xu2021 observation-free TS,4,3.0,0.2544699901260755,0.08482333004202518,ok,3770.0
UCB appendix,4,4.0,0.3392933201681007,0.08482333004202518,ok,2174
UCB direct,4,4.0,0.3392933201681007,0.08482333004202518,ok,2165
TS appendix,4,4.0,0.3392933201681007,0.08482333004202518,ok,6761
TS direct,4,4.0,0.3392933201681007,0.08482333004202518,ok,6751
Xu2021 observation-free UCB,4,4.0,0.3392933201681007,0.08482333004202518,ok,2122.0
Xu2021 observation-free TS,4,4.0,0.3392933201681007,0.08482333004202518,ok,2122.0
UCB appendix,4,5.0,0.4241166502101259,0.08482333004202518,ok,1429
UCB direct,4,5.0,0.4241166502101259,0.08482333004202518,ok,1420
TS appendix,4,5.0,0.4241166502101259,0.08482333004202518,ok,4589
TS direct,4,5.0,0.4241166502101259,0.08482333004202518,ok,4578
Xu2021 observation-free UCB,4,5.0,0.4241166502101259,0.08482333004202518,ok,1358.0
Xu2021 observation-free TS,4,5.0,0.4241166502101259,0.08482333004202518,ok,1358.0
UCB appendix,4,6.0,0.508939980252151,0.08482333004202518,ok,1012
UCB direct,4,6.0,0.508939980252151,0.08482333004202518,ok,1003
TS appendix,4,6.0,0.508939980252151,0.08482333004202518,ok,3393
TS direct,4,6.0,0.508939980252151,0.08482333004202518,ok,3383
Xu2021 observation-free UCB,4,6.0,0.508939980252151,0.08482333004202518,ok,944.0
Xu2021 observation-free TS,4,6.0,0.508939980252151,0.08482333004202518,ok,944.0
UCB appendix,5,0.0,0.0,0.08482333004202518,ok,41929
UCB direct,5,0.0,0.0,0.08482333004202518,ok,36898
TS appendix,5,0.0,0.0,0.08482333004202518,ok,64840
TS direct,5,0.0,0.0,0.08482333004202518,ok,53626
Xu2021 observation-free UCB,5,0.0,0.0,0.08482333004202518,infeasible,
Xu2021 observation-free TS,5,0.0,0.0,0.08482333004202518,infeasible,
UCB appendix,5,0.1,0.008482333004202518,0.08482333004202518,ok,40015
UCB direct,5,0.1,0.008482333004202518,0.08482333004202518,ok,35503
TS appendix,5,0.1,0.008482333004202518,0.08482333004202518,ok,62809
TS direct,5,0.1,0.008482333004202518,0.08482333004202518,ok,52374
Xu2021 observation-free UCB,5,0.1,0.008482333004202518,0.08482333004202518,infeasible,3392934.0
Xu2021 observation-free TS,5,0.1,0.008482333004202518,0.08482333004202518,infeasible,3392934.0
UCB appendix,5,0.2,0.016964666008405037,0.08482333004202518,ok,38099
UCB direct,5,0.2,0.016964666008405037,0.08482333004202518,ok,34084
TS appendix,5,0.2,0.016964666008405037,0.08482333004202518,ok,60776
TS direct,5,0.2,0.016964666008405037,0.08482333004202518,ok,51101
Xu2021 observation-free UCB,5,0.2,0.016964666008405037,0.08482333004202518,infeasible,848234.0
Xu2021 observation-free TS,5,0.2,0.016964666008405037,0.08482333004202518,infeasible,848234.0
UCB appendix,5,0.3,0.025446999012607552,0.08482333004202518,ok,36185
UCB direct,5,0.3,0.025446999012607552,0.08482333004202518,ok,32641
TS appendix,5,0.3,0.025446999012607552,0.08482333004202518,ok,58741
TS direct,5,0.3,0.025446999012607552,0.08482333004202518,ok,49805
Xu2021 observation-free UCB,5,0.3,0.025446999012607552,0.08482333004202518,infeasible,376994.0
Xu2021 observation-free TS,5,0.3,0.025446999012607552,0.08482333004202518,infeasible,376994.0
UCB appendix,5,0.4,0.033929332016810074,0.08482333004202518,ok,34266
UCB direct,5,0.4,0.033929332016810074,0.08482333004202518,ok,31172
TS appendix,5,0.4,0.033929332016810074,0.08482333004202518,ok,56705
TS direct,5,0.4,0.033929332016810074,0.08482333004202518,ok,48487
Xu2021 observation-free UCB,5,0.4,0.033929332016810074,0.08482333004202518,infeasible,212060.0
Xu2021 observation-free TS,5,0.4,0.033929332016810074,0.08482333004202518,infeasible,212060.0
UCB appendix,5,0.5,0.04241166502101259,0.08482333004202518,ok,32349
UCB direct,5,0.5,0.04241166502101259,0.08482333004202518,ok,29677
TS appendix,5,0.5,0.04241166502101259,0.08482333004202518,ok,54670
TS direct,5,0.5,0.04241166502101259,0.08482333004202518,ok,47145
Xu2021 observation-free UCB,5,0.5,0.04241166502101259,0.08482333004202518,ok,135718.0
Xu2021 observation-free TS,5,0.5,0.04241166502101259,0.08482333004202518,ok,135718.0
UCB appendix,5,0.75,0.06361749753151888,0.08482333004202518,ok,27552
UCB direct,5,0.75,0.06361749753151888,0.08482333004202518,ok,25820
TS appendix,5,0.75,0.06361749753151888,0.08482333004202518,ok,49573
TS direct,5,0.75,0.06361749753151888,0.08482333004202518,ok,43684
Xu2021 observation-free UCB,5,0.75,0.06361749753151888,0.08482333004202518,ok,60320.0
Xu2021 observation-free TS,5,0.75,0.06361749753151888,0.08482333004202518,ok,60320.0
UCB appendix,5,1.0,0.08482333004202518,0.08482333004202518,ok,22750
UCB direct,5,1.0,0.08482333004202518,0.08482333004202518,ok,21785
TS appendix,5,1.0,0.08482333004202518,0.08482333004202518,ok,44467
TS direct,5,1.0,0.08482333004202518,0.08482333004202518,ok,40063
Xu2021 observation-free UCB,5,1.0,0.08482333004202518,0.08482333004202518,ok,33930.0
Xu2021 observation-free TS,5,1.0,0.08482333004202518,0.08482333004202518,ok,33930.0
UCB appendix,5,1.5,0.12723499506303776,0.08482333004202518,ok,13302
UCB direct,5,1.5,0.12723499506303776,0.08482333004202518,ok,13218
TS appendix,5,1.5,0.12723499506303776,0.08482333004202518,ok,34239
TS direct,5,1.5,0.12723499506303776,0.08482333004202518,ok,32293
Xu2021 observation-free UCB,5,1.5,0.12723499506303776,0.08482333004202518,ok,15080.0
Xu2021 observation-free TS,5,1.5,0.12723499506303776,0.08482333004202518,ok,15080.0
UCB appendix,5,2.0,0.16964666008405035,0.08482333004202518,ok,7889
UCB direct,5,2.0,0.16964666008405035,0.08482333004202518,ok,7861
TS appendix,5,2.0,0.16964666008405035,0.08482333004202518,ok,23976
TS direct,5,2.0,0.16964666008405035,0.08482333004202518,ok,23730
Xu2021 observation-free UCB,5,2.0,0.16964666008405035,0.08482333004202518,ok,8484.0
Xu2021 observation-free TS,5,2.0,0.16964666008405035,0.08482333004202518,ok,8484.0
UCB appendix,5,3.0,0.2544699901260755,0.08482333004202518,ok,3732
UCB direct,5,3.0,0.2544699901260755,0.08482333004202518,ok,3721
TS appendix,5,3.0,0.2544699901260755,0.08482333004202518,ok,11357
TS direct,5,3.0,0.2544699901260755,0.08482333004202518,ok,11345
Xu2021 observation-free UCB,5,3.0,0.2544699901260755,0.08482333004202518,ok,3770.0
Xu2021 observation-free TS,5,3.0,0.2544699901260755,0.08482333004202518,ok,3770.0
UCB appendix,5,4.0,0.3392933201681007,0.08482333004202518,ok,2182
UCB direct,5,4.0,0.3392933201681007,0.08482333004202518,ok,2173
TS appendix,5,4.0,0.3392933201681007,0.08482333004202518,ok,6770
TS direct,5,4.0,0.3392933201681007,0.08482333004202518,ok,6760
Xu2021 observation-free UCB,5,4.0,0.3392933201681007,0.08482333004202518,ok,2122.0
Xu2021 observation-free TS,5,4.0,0.3392933201681007,0.08482333004202518,ok,2122.0
UCB appendix,5,5.0,0.4241166502101259,0.08482333004202518,ok,1434
UCB direct,5,5.0,0.4241166502101259,0.08482333004202518,ok,1426
TS appendix,5,5.0,0.4241166502101259,0.08482333004202518,ok,4597
TS direct,5,5.0,0.4241166502101259,0.08482333004202518,ok,4586
Xu2021 observation-free UCB,5,5.0,0.4241166502101259,0.08482333004202518,ok,1358.0
Xu2021 observation-free TS,5,5.0,0.4241166502101259,0.08482333004202518,ok,1358.0
UCB appendix,5,6.0,0.508939980252151,0.08482333004202518,ok,1020
UCB direct,5,6.0,0.508939980252151,0.08482333004202518,ok,1011
TS appendix,5,6.0,0.508939980252151,0.08482333004202518,ok,3398
TS direct,5,6.0,0.508939980252151,0.08482333004202518,ok,3388
Xu2021 observation-free UCB,5,6.0,0.508939980252151,0.08482333004202518,ok,944.0
Xu2021 observation-free TS,5,6.0,0.508939980252151,0.08482333004202518,ok,944.0
UCB appendix,6,0.0,0.0,0.08482333004202518,ok,41891
UCB direct,6,0.0,0.0,0.08482333004202518,ok,36865
TS appendix,6,0.0,0.0,0.08482333004202518,ok,64809
TS direct,6,0.0,0.0,0.08482333004202518,ok,53600
Xu2021 observation-free UCB,6,0.0,0.0,0.08482333004202518,infeasible,
Xu2021 observation-free TS,6,0.0,0.0,0.08482333004202518,infeasible,
UCB appendix,6,0.1,0.008482333004202518,0.08482333004202518,ok,39975
UCB direct,6,0.1,0.008482333004202518,0.08482333004202518,ok,35470
TS appendix,6,0.1,0.008482333004202518,0.08482333004202518,ok,62776
TS direct,6,0.1,0.008482333004202518,0.08482333004202518,ok,52348
Xu2021 observation-free UCB,6,0.1,0.008482333004202518,0.08482333004202518,infeasible,3392934.0
Xu2021 observation-free TS,6,0.1,0.008482333004202518,0.08482333004202518,infeasible,3392934.0
UCB appendix,6,0.2,0.016964666008405037,0.08482333004202518,ok,38058
UCB direct,6,0.2,0.016964666008405037,0.08482333004202518,ok,34050
TS appendix,6,0.2,0.016964666008405037,0.08482333004202518,ok,60742
TS direct,6,0.2,0.016964666008405037,0.08482333004202518,ok,51075
Xu2021 observation-free UCB,6,0.2,0.016964666008405037,0.08482333004202518,infeasible,848234.0
Xu2021 observation-free TS,6,0.2,0.016964666008405037,0.08482333004202518,infeasible,848234.0
UCB appendix,6,0.3,0.025446999012607552,0.08482333004202518,ok,36143
UCB direct,6,0.3,0.025446999012607552,0.08482333004202518,ok,32606
TS appendix,6,0.3,0.025446999012607552,0.08482333004202518,ok,58711
TS direct,6,0.3,0.025446999012607552,0.08482333004202518,ok,49779
Xu2021 observation-free UCB,6,0.3,0.025446999012607552,0.08482333004202518,infeasible,376994.0
Xu2021 observation-free TS,6,0.3,0.025446999012607552,0.08482333004202518,infeasible,376994.0
UCB appendix,6,0.4,0.033929332016810074,0.08482333004202518,ok,34229
UCB direct,6,0.4,0.033929332016810074,0.08482333004202518,ok,31137
TS appendix,6,0.4,0.033929332016810074,0.08482333004202518,ok,56672
TS direct,6,0.4,0.033929332016810074,0.08482333004202518,ok,48460
Xu2021 observation-free UCB,6,0.4,0.033929332016810074,0.08482333004202518,infeasible,212060.0
Xu2021 observation-free TS,6,0.4,0.033929332016810074,0.08482333004202518,infeasible,212060.0
UCB appendix,6,0.5,0.04241166502101259,0.08482333004202518,ok,32308
UCB direct,6,0.5,0.04241166502101259,0.08482333004202518,ok,29642
TS appendix,6,0.5,0.04241166502101259,0.08482333004202518,ok,54636
TS direct,6,0.5,0.04241166502101259,0.08482333004202518,ok,47118
Xu2021 observation-free UCB,6,0.5,0.04241166502101259,0.08482333004202518,ok,135718.0
Xu2021 observation-free TS,6,0.5,0.04241166502101259,0.08482333004202518,ok,135718.0
UCB appendix,6,0.75,0.06361749753151888,0.08482333004202518,ok,27514
UCB direct,6,0.75,0.06361749753151888,0.08482333004202518,ok,25785
TS appendix,6,0.75,0.06361749753151888,0.08482333004202518,ok,49540
TS direct,6,0.75,0.06361749753151888,0.08482333004202518,ok,43657
Xu2021 observation-free UCB,6,0.75,0.06361749753151888,0.08482333004202518,ok,60320.0
Xu2021 observation-free TS,6,0.75,0.06361749753151888,0.08482333004202518,ok,60320.0
UCB appendix,6,1.0,0.08482333004202518,0.08482333004202518,ok,22710
UCB direct,6,1.0,0.08482333004202518,0.08482333004202518,ok,21749
TS appendix,6,1.0,0.08482333004202518,0.08482333004202518,ok,44437
TS direct,6,1.0,0.08482333004202518,0.08482333004202518,ok,40036
Xu2021 observation-free UCB,6,1.0,0.08482333004202518,0.08482333004202518,ok,33930.0
Xu2021 observation-free TS,6,1.0,0.08482333004202518,0.08482333004202518,ok,33930.0
UCB appendix,6,1.5,0.12723499506303776,0.08482333004202518,ok,13265
UCB direct,6,1.5,0.12723499506303776,0.08482333004202518,ok,13181
TS appendix,6,1.5,0.12723499506303776,0.08482333004202518,ok,34207
TS direct,6,1.5,0.12723499506303776,0.08482333004202518,ok,32264
Xu2021 observation-free UCB,6,1.5,0.12723499506303776,0.08482333004202518,ok,15080.0
Xu2021 observation-free TS,6,1.5,0.12723499506303776,0.08482333004202518,ok,15080.0
UCB appendix,6,2.0,0.16964666008405035,0.08482333004202518,ok,7861
UCB direct,6,2.0,0.16964666008405035,0.08482333004202518,ok,7834
TS appendix,6,2.0,0.16964666008405035,0.08482333004202518,ok,23946
TS direct,6,2.0,0.16964666008405035,0.08482333004202518,ok,23699
Xu2021 observation-free UCB,6,2.0,0.16964666008405035,0.08482333004202518,ok,8484.0
Xu2021 observation-free TS,6,2.0,0.16964666008405035,0.08482333004202518,ok,8484.0
UCB appendix,6,3.0,0.2544699901260755,0.08482333004202518,ok,3713
UCB direct,6,3.0,0.2544699901260755,0.08482333004202518,ok,3702
TS appendix,6,3.0,0.2544699901260755,0.08482333004202518,ok,11335
TS direct,6,3.0,0.2544699901260755,0.08482333004202518,ok,11324
Xu2021 observation-free UCB,6,3.0,0.2544699901260755,0.08482333004202518,ok,3770.0
Xu2021 observation-free TS,6,3.0,0.2544699901260755,0.08482333004202518,ok,3770.0
UCB appendix,6,4.0,0.3392933201681007,0.08482333004202518,ok,2168
UCB direct,6,4.0,0.3392933201681007,0.08482333004202518,ok,2159
TS appendix,6,4.0,0.3392933201681007,0.08482333004202518,ok,6753
TS direct,6,4.0,0.3392933201681007,0.08482333004202518,ok,6744
Xu2021 observation-free UCB,6,4.0,0.3392933201681007,0.08482333004202518,ok,2122.0
Xu2021 observation-free TS,6,4.0,0.3392933201681007,0.08482333004202518,ok,2122.0
UCB appendix,6,5.0,0.4241166502101259,0.08482333004202518,ok,1423
UCB direct,6,5.0,0.4241166502101259,0.08482333004202518,ok,1414
TS appendix,6,5.0,0.4241166502101259,0.08482333004202518,ok,4583
TS direct,6,5.0,0.4241166502101259,0.08482333004202518,ok,4572
Xu2021 observation-free UCB,6,5.0,0.4241166502101259,0.08482333004202518,ok,1358.0
Xu2021 observation-free TS,6,5.0,0.4241166502101259,0.08482333004202518,ok,1358.0
UCB appendix,6,6.0,0.508939980252151,0.08482333004202518,ok,1008
UCB direct,6,6.0,0.508939980252151,0.08482333004202518,ok,999
TS appendix,6,6.0,0.508939980252151,0.08482333004202518,ok,3386
TS direct,6,6.0,0.508939980252151,0.08482333004202518,ok,3377
Xu2021 observation-free UCB,6,6.0,0.508939980252151,0.08482333004202518,ok,944.0
Xu2021 observation-free TS,6,6.0,0.508939980252151,0.08482333004202518,ok,944.0
UCB appendix,7,0.0,0.0,0.08482333004202518,ok,41931
UCB direct,7,0.0,0.0,0.08482333004202518,ok,36899
TS appendix,7,0.0,0.0,0.08482333004202518,ok,64842
TS direct,7,0.0,0.0,0.08482333004202518,ok,53626
Xu2021 observation-free UCB,7,0.0,0.0,0.08482333004202518,infeasible,
Xu2021 observation-free TS,7,0.0,0.0,0.08482333004202518,infeasible,
UCB appendix,7,0.1,0.008482333004202518,0.08482333004202518,ok,40016
UCB direct,7,0.1,0.008482333004202518,0.08482333004202518,ok,35504
TS appendix,7,0.1,0.008482333004202518,0.08482333004202518,ok,62809
TS direct,7,0.1,0.008482333004202518,0.08482333004202518,ok,52374
Xu2021 observation-free UCB,7,0.1,0.008482333004202518,0.08482333004202518,infeasible,3392934.0
Xu2021 observation-free TS,7,0.1,0.008482333004202518,0.08482333004202518,infeasible,3392934.0
UCB appendix,7,0.2,0.016964666008405037,0.08482333004202518,ok,38098
UCB direct,7,0.2,0.016964666008405037,0.08482333004202518,ok,34085
TS appendix,7,0.2,0.016964666008405037,0.08482333004202518,ok,60776
TS direct,7,0.2,0.016964666008405037,0.08482333004202518,ok,51101
Xu2021 observation-free UCB,7,0.2,0.016964666008405037,0.08482333004202518,infeasible,848234.0
Xu2021 observation-free TS,7,0.2,0.016964666008405037,0.08482333004202518,infeasible,848234.0
UCB appendix,7,0.3,0.025446999012607552,0.08482333004202518,ok,36184
UCB direct,7,0.3,0.025446999012607552,0.08482333004202518,ok,32641
TS appendix,7,0.3,0.025446999012607552,0.08482333004202518,ok,58740
TS direct,7,0.3,0.025446999012607552,0.08482333004202518,ok,49805
Xu2021 observation-free UCB,7,0.3,0.025446999012607552,0.08482333004202518,infeasible,376994.0
Xu2021 observation-free TS,7,0.3,0.025446999012607552,0.08482333004202518,infeasible,376994.0
UCB appendix,7,0.4,0.033929332016810074,0.08482333004202518,ok,34267
UCB direct,7,0.4,0.033929332016810074,0.08482333004202518,ok,31172
TS appendix,7,0.4,0.033929332016810074,0.08482333004202518,ok,56704
TS direct,7,0.4,0.033929332016810074,0.08482333004202518,ok,48487
Xu2021 observation-free UCB,7,0.4,0.033929332016810074,0.08482333004202518,infeasible,212060.0
Xu2021 observation-free TS,7,0.4,0.033929332016810074,0.08482333004202518,infeasible,212060.0
UCB appendix,7,0.5,0.04241166502101259,0.08482333004202518,ok,32349
UCB direct,7,0.5,0.04241166502101259,0.08482333004202518,ok,29677
TS appendix,7,0.5,0.04241166502101259,0.08482333004202518,ok,54669
TS direct,7,0.5,0.04241166502101259,0.08482333004202518,ok,47145
Xu2021 observation-free UCB,7,0.5,0.04241166502101259,0.08482333004202518,ok,135718.0
Xu2021 observation-free TS,7,0.5,0.04241166502101259,0.08482333004202518,ok,135718.0
UCB appendix,7,0.75,0.06361749753151888,0.08482333004202518,ok,27552
UCB direct,7,0.75,0.06361749753151888,0.08482333004202518,ok,25821
TS appendix,7,0.75,0.06361749753151888,0.08482333004202518,ok,49573
TS direct,7,0.75,0.06361749753151888,0.08482333004202518,ok,43684
Xu2021 observation-free UCB,7,0.75,0.06361749753151888,0.08482333004202518,ok,60320.0
Xu2021 observation-free TS,7,0.75,0.06361749753151888,0.08482333004202518,ok,60320.0
UCB appendix,7,1.0,0.08482333004202518,0.08482333004202518,ok,22748
UCB direct,7,1.0,0.08482333004202518,0.08482333004202518,ok,21786
TS appendix,7,1.0,0.08482333004202518,0.08482333004202518,ok,44466
TS direct,7,1.0,0.08482333004202518,0.08482333004202518,ok,40063
Xu2021 observation-free UCB,7,1.0,0.08482333004202518,0.08482333004202518,ok,33930.0
Xu2021 observation-free TS,7,1.0,0.08482333004202518,0.08482333004202518,ok,33930.0
UCB appendix,7,1.5,0.12723499506303776,0.08482333004202518,ok,13302
UCB direct,7,1.5,0.12723499506303776,0.08482333004202518,ok,13217
TS appendix,7,1.5,0.12723499506303776,0.08482333004202518,ok,34238
TS direct,7,1.5,0.12723499506303776,0.08482333004202518,ok,32293
Xu2021 observation-free UCB,7,1.5,0.12723499506303776,0.08482333004202518,ok,15080.0
Xu2021 observation-free TS,7,1.5,0.12723499506303776,0.08482333004202518,ok,15080.0
UCB appendix,7,2.0,0.16964666008405035,0.08482333004202518,ok,7890
UCB direct,7,2.0,0.16964666008405035,0.08482333004202518,ok,7861
TS appendix,7,2.0,0.16964666008405035,0.08482333004202518,ok,23977
TS direct,7,2.0,0.16964666008405035,0.08482333004202518,ok,23730
Xu2021 observation-free UCB,7,2.0,0.16964666008405035,0.08482333004202518,ok,8484.0
Xu2021 observation-free TS,7,2.0,0.16964666008405035,0.08482333004202518,ok,8484.0
UCB appendix,7,3.0,0.2544699901260755,0.08482333004202518,ok,3733
UCB direct,7,3.0,0.2544699901260755,0.08482333004202518,ok,3721
TS appendix,7,3.0,0.2544699901260755,0.08482333004202518,ok,11355
TS direct,7,3.0,0.2544699901260755,0.08482333004202518,ok,11346
Xu2021 observation-free UCB,7,3.0,0.2544699901260755,0.08482333004202518,ok,3770.0
Xu2021 observation-free TS,7,3.0,0.2544699901260755,0.08482333004202518,ok,3770.0
UCB appendix,7,4.0,0.3392933201681007,0.08482333004202518,ok,2182
UCB direct,7,4.0,0.3392933201681007,0.08482333004202518,ok,2173
TS appendix,7,4.0,0.3392933201681007,0.08482333004202518,ok,6771
TS direct,7,4.0,0.3392933201681007,0.08482333004202518,ok,6760
Xu2021 observation-free UCB,7,4.0,0.3392933201681007,0.08482333004202518,ok,2122.0
Xu2021 observation-free TS,7,4.0,0.3392933201681007,0.08482333004202518,ok,2122.0
UCB appendix,7,5.0,0.4241166502101259,0.08482333004202518,ok,1435
UCB direct,7,5.0,0.4241166502101259,0.08482333004202518,ok,1428
TS appendix,7,5.0,0.4241166502101259,0.08482333004202518,ok,4596
TS direct,7,5.0,0.4241166502101259,0.08482333004202518,ok,4585
Xu2021 observation-free UCB,7,5.0,0.4241166502101259,0.08482333004202518,ok,1358.0
Xu2021 observation-free TS,7,5.0,0.4241166502101259,0.08482333004202518,ok,1358.0
UCB appendix,7,6.0,0.508939980252151,0.08482333004202518,ok,1019
UCB direct,7,6.0,0.508939980252151,0.08482333004202518,ok,1010
TS appendix,7,6.0,0.508939980252151,0.08482333004202518,ok,3399
TS direct,7,6.0,0.508939980252151,0.08482333004202518,ok,3388
Xu2021 observation-free UCB,7,6.0,0.508939980252151,0.08482333004202518,ok,944.0
Xu2021 observation-free TS,7,6.0,0.508939980252151,0.08482333004202518,ok,944.0
UCB appendix,8,0.0,0.0,0.08482333004202518,ok,41904
UCB direct,8,0.0,0.0,0.08482333004202518,ok,36876
TS appendix,8,0.0,0.0,0.08482333004202518,ok,64821
TS direct,8,0.0,0.0,0.08482333004202518,ok,53610
Xu2021 observation-free UCB,8,0.0,0.0,0.08482333004202518,infeasible,
Xu2021 observation-free TS,8,0.0,0.0,0.08482333004202518,infeasible,
UCB appendix,8,0.1,0.008482333004202518,0.08482333004202518,ok,39988
UCB direct,8,0.1,0.008482333004202518,0.08482333004202518,ok,35481
TS appendix,8,0.1,0.008482333004202518,0.08482333004202518,ok,62788
TS direct,8,0.1,0.008482333004202518,0.08482333004202518,ok,52358
Xu2021 observation-free UCB,8,0.1,0.008482333004202518,0.08482333004202518,infeasible,3392934.0
Xu2021 observation-free TS,8,0.1,0.008482333004202518,0.08482333004202518,infeasible,3392934.0
UCB appendix,8,0.2,0.016964666008405037,0.08482333004202518,ok,38074
UCB direct,8,0.2,0.016964666008405037,0.08482333004202518,ok,34062
TS appendix,8,0.2,0.016964666008405037,0.08482333004202518,ok,60756
TS direct,8,0.2,0.016964666008405037,0.08482333004202518,ok,51084
Xu2021 observation-free UCB,8,0.2,0.016964666008405037,0.08482333004202518,infeasible,848234.0
Xu2021 observation-free TS,8,0.2,0.016964666008405037,0.08482333004202518,infeasible,848234.0
UCB appendix,8,0.3,0.025446999012607552,0.08482333004202518,ok,36156
UCB direct,8,0.3,0.025446999012607552,0.08482333004202518,ok,32618
TS appendix,8,0.3,0.025446999012607552,0.08482333004202518,ok,58721
TS direct,8,0.3,0.025446999012607552,0.08482333004202518,ok,49789
Xu2021 observation-free UCB,8,0.3,0.025446999012607552,0.08482333004202518,infeasible,376994.0
Xu2021 observation-free TS,8,0.3,0.025446999012607552,0.08482333004202518,infeasible,376994.0
UCB appendix,8,0.4,0.033929332016810074,0.08482333004202518,ok,34241
UCB direct,8,0.4,0.033929332016810074,0.08482333004202518,ok,31149
TS appendix,8,0.4,0.033929332016810074,0.08482333004202518,ok,56684
TS direct,8,0.4,0.033929332016810074,0.08482333004202518,ok,48470
Xu2021 observation-free UCB,8,0.4,0.033929332016810074,0.08482333004202518,infeasible,212060.0
Xu2021 observation-free TS,8,0.4,0.033929332016810074,0.08482333004202518,infeasible,212060.0
UCB appendix,8,0.5,0.04241166502101259,0.08482333004202518,ok,32323
UCB direct,8,0.5,0.04241166502101259,0.08482333004202518,ok,29653
TS appendix,8,0.5,0.04241166502101259,0.08482333004202518,ok,54650
TS direct,8,0.5,0.04241166502101259,0.08482333004202518,ok,47128
Xu2021 observation-free UCB,8,0.5,0.04241166502101259,0.08482333004202518,ok,135718.0
Xu2021 observation-free TS,8,0.5,0.04241166502101259,0.08482333004202518,ok,135718.0
UCB appendix,8,0.75,0.06361749753151888,0.08482333004202518,ok,27526
UCB direct,8,0.75,0.06361749753151888,0.08482333004202518,ok,25797
TS appendix,8,0.75,0.06361749753151888,0.08482333004202518,ok,49552
TS direct,8,0.75,0.06361749753151888,0.08482333004202518,ok,43667
Xu2021 observation-free UCB,8,0.75,0.06361749753151888,0.08482333004202518,ok,60320.0
Xu2021 observation-free TS,8,0.75,0.06361749753151888,0.08482333004202518,ok,60320.0
UCB appendix,8,1.0,0.08482333004202518,0.08482333004202518,ok,22724
UCB direct,8,1.0,0.08482333004202518,0.08482333004202518,ok,21761
TS appendix,8,1.0,0.08482333004202518,0.08482333004202518,ok,44448
TS direct,8,1.0,0.08482333004202518,0.08482333004202518,ok,40046
Xu2021 observation-free UCB,8,1.0,0.08482333004202518,0.08482333004202518,ok,33930.0
Xu2021 observation-free TS,8,1.0,0.08482333004202518,0.08482333004202518,ok,33930.0
UCB appendix,8,1.5,0.12723499506303776,0.08482333004202518,ok,13280
UCB direct,8,1.5,0.12723499506303776,0.08482333004202518,ok,13194
TS appendix,8,1.5,0.12723499506303776,0.08482333004202518,ok,34219
TS direct,8,1.5,0.12723499506303776,0.08482333004202518,ok,32275
Xu2021 observation-free UCB,8,1.5,0.12723499506303776,0.08482333004202518,ok,15080.0
Xu2021 observation-free TS,8,1.5,0.12723499506303776,0.08482333004202518,ok,15080.0
UCB appendix,8,2.0,0.16964666008405035,0.08482333004202518,ok,7871
UCB direct,8,2.0,0.16964666008405035,0.08482333004202518,ok,7842
TS appendix,8,2.0,0.16964666008405035,0.08482333004202518,ok,23956
TS direct,8,2.0,0.16964666008405035,0.08482333004202518,ok,23711
Xu2021 observation-free UCB,8,2.0,0.16964666008405035,0.08482333004202518,ok,8484.0
Xu2021 observation-free TS,8,2.0,0.16964666008405035,0.08482333004202518,ok,8484.0
UCB appendix,8,3.0,0.2544699901260755,0.08482333004202518,ok,3720
UCB direct,8,3.0,0.2544699901260755,0.08482333004202518,ok,3709
TS appendix,8,3.0,0.2544699901260755,0.08482333004202518,ok,11341
TS direct,8,3.0,0.2544699901260755,0.08482333004202518,ok,11331
Xu2021 observation-free UCB,8,3.0,0.2544699901260755,0.08482333004202518,ok,3770.0
Xu2021 observation-free TS,8,3.0,0.2544699901260755,0.08482333004202518,ok,3770.0
UCB appendix,8,4.0,0.3392933201681007,0.08482333004202518,ok,2173
UCB direct,8,4.0,0.3392933201681007,0.08482333004202518,ok,2164
TS appendix,8,4.0,0.3392933201681007,0.08482333004202518,ok,6760
TS direct,8,4.0,0.3392933201681007,0.08482333004202518,ok,6750
Xu2021 observation-free UCB,8,4.0,0.3392933201681007,0.08482333004202518,ok,2122.0
Xu2021 observation-free TS,8,4.0,0.3392933201681007,0.08482333004202518,ok,2122.0
UCB appendix,8,5.0,0.4241166502101259,0.08482333004202518,ok,1427
UCB direct,8,5.0,0.4241166502101259,0.08482333004202518,ok,1418
TS appendix,8,5.0,0.4241166502101259,0.08482333004202518,ok,4588
TS direct,8,5.0,0.4241166502101259,0.08482333004202518,ok,4577
Xu2021 observation-free UCB,8,5.0,0.4241166502101259,0.08482333004202518,ok,1358.0
Xu2021 observation-free TS,8,5.0,0.4241166502101259,0.08482333004202518,ok,1358.0
UCB appendix,8,6.0,0.508939980252151,0.08482333004202518,ok,1013
UCB direct,8,6.0,0.508939980252151,0.08482333004202518,ok,1004
TS appendix,8,6.0,0.508939980252151,0.08482333004202518,ok,3391
TS direct,8,6.0,0.508939980252151,0.08482333004202518,ok,3380
Xu2021 observation-free UCB,8,6.0,0.508939980252151,0.08482333004202518,ok,944.0
Xu2021 observation-free TS,8,6.0,0.508939980252151,0.08482333004202518,ok,944.0
UCB appendix,9,0.0,0.0,0.08482333004202518,ok,41898
UCB direct,9,0.0,0.0,0.08482333004202518,ok,36871
TS appendix,9,0.0,0.0,0.08482333004202518,ok,64816
TS direct,9,0.0,0.0,0.08482333004202518,ok,53606
Xu2021 observation-free UCB,9,0.0,0.0,0.08482333004202518,infeasible,
Xu2021 observation-free TS,9,0.0,0.0,0.08482333004202518,infeasible,
UCB appendix,9,0.1,0.008482333004202518,0.08482333004202518,ok,39982
UCB direct,9,0.1,0.008482333004202518,0.08482333004202518,ok,35476
TS appendix,9,0.1,0.008482333004202518,0.08482333004202518,ok,62783
TS direct,9,0.1,0.008482333004202518,0.08482333004202518,ok,52354
Xu2021 observation-free UCB,9,0.1,0.008482333004202518,0.08482333004202518,infeasible,3392934.0
Xu2021 observation-free TS,9,0.1,0.008482333004202518,0.08482333004202518,infeasible,3392934.0
UCB appendix,9,0.2,0.016964666008405037,0.08482333004202518,ok,38067
UCB direct,9,0.2,0.016964666008405037,0.08482333004202518,ok,34056
TS appendix,9,0.2,0.016964666008405037,0.08482333004202518,ok,60747
TS direct,9,0.2,0.016964666008405037,0.08482333004202518,ok,51080
Xu2021 observation-free UCB,9,0.2,0.016964666008405037,0.08482333004202518,infeasible,848234.0
Xu2021 observation-free TS,9,0.2,0.016964666008405037,0.08482333004202518,infeasible,848234.0
UCB appendix,9,0.3,0.025446999012607552,0.08482333004202518,ok,36150
UCB direct,9,0.3,0.025446999012607552,0.08482333004202518,ok,32613
TS appendix,9,0.3,0.025446999012607552,0.08482333004202518,ok,58715
TS direct,9,0.3,0.025446999012607552,0.08482333004202518,ok,49784
Xu2021 observation-free UCB,9,0.3,0.025446999012607552,0.08482333004202518,infeasible,376994.0
Xu2021 observation-free TS,9,0.3,0.025446999012607552,0.08482333004202518,infeasible,376994.0
UCB appendix,9,0.4,0.033929332016810074,0.08482333004202518,ok,34233
UCB direct,9,0.4,0.033929332016810074,0.08482333004202518,ok,31143
TS appendix,9,0.4,0.033929332016810074,0.08482333004202518,ok,56679
TS direct,9,0.4,0.033929332016810074,0.08482333004202518,ok,48466
Xu2021 observation-free UCB,9,0.4,0.033929332016810074,0.08482333004202518,infeasible,212060.0
Xu2021 observation-free TS,9,0.4,0.033929332016810074,0.08482333004202518,infeasible,212060.0
UCB appendix,9,0.5,0.04241166502101259,0.08482333004202518,ok,32317
UCB direct,9,0.5,0.04241166502101259,0.08482333004202518,ok,29648
TS appendix,9,0.5,0.04241166502101259,0.08482333004202518,ok,54640
TS direct,9,0.5,0.04241166502101259,0.08482333004202518,ok,47124
Xu2021 observation-free UCB,9,0.5,0.04241166502101259,0.08482333004202518,ok,135718.0
Xu2021 observation-free TS,9,0.5,0.04241166502101259,0.08482333004202518,ok,135718.0
UCB appendix,9,0.75,0.06361749753151888,0.08482333004202518,ok,27520
UCB direct,9,0.75,0.06361749753151888,0.08482333004202518,ok,25791
TS appendix,9,0.75,0.06361749753151888,0.08482333004202518,ok,49544
TS direct,9,0.75,0.06361749753151888,0.08482333004202518,ok,43663
Xu2021 observation-free UCB,9,0.75,0.06361749753151888,0.08482333004202518,ok,60320.0
Xu2021 observation-free TS,9,0.75,0.06361749753151888,0.08482333004202518,ok,60320.0
UCB appendix,9,1.0,0.08482333004202518,0.08482333004202518,ok,22716
UCB direct,9,1.0,0.08482333004202518,0.08482333004202518,ok,21755
TS appendix,9,1.0,0.08482333004202518,0.08482333004202518,ok,44443
TS direct,9,1.0,0.08482333004202518,0.08482333004202518,ok,40041
Xu2021 observation-free UCB,9,1.0,0.08482333004202518,0.08482333004202518,ok,33930.0
Xu2021 observation-free TS,9,1.0,0.08482333004202518,0.08482333004202518,ok,33930.0
UCB appendix,9,1.5,0.12723499506303776,0.08482333004202518,ok,13272
UCB direct,9,1.5,0.12723499506303776,0.08482333004202518,ok,13187
TS appendix,9,1.5,0.12723499506303776,0.08482333004202518,ok,34213
TS direct,9,1.5,0.12723499506303776,0.08482333004202518,ok,32270
Xu2021 observation-free UCB,9,1.5,0.12723499506303776,0.08482333004202518,ok,15080.0
Xu2021 observation-free TS,9,1.5,0.12723499506303776,0.08482333004202518,ok,15080.0
UCB appendix,9,2.0,0.16964666008405035,0.08482333004202518,ok,7864
UCB direct,9,2.0,0.16964666008405035,0.08482333004202518,ok,7837
TS appendix,9,2.0,0.16964666008405035,0.08482333004202518,ok,23954
TS direct,9,2.0,0.16964666008405035,0.08482333004202518,ok,23706
Xu2021 observation-free UCB,9,2.0,0.16964666008405035,0.08482333004202518,ok,8484.0
Xu2021 observation-free TS,9,2.0,0.16964666008405035,0.08482333004202518,ok,8484.0
UCB appendix,9,3.0,0.2544699901260755,0.08482333004202518,ok,3715
UCB direct,9,3.0,0.2544699901260755,0.08482333004202518,ok,3706
TS appendix,9,3.0,0.2544699901260755,0.08482333004202518,ok,11339
TS direct,9,3.0,0.2544699901260755,0.08482333004202518,ok,11328
Xu2021 observation-free UCB,9,3.0,0.2544699901260755,0.08482333004202518,ok,3770.0
Xu2021 observation-free TS,9,3.0,0.2544699901260755,0.08482333004202518,ok,3770.0
UCB appendix,9,4.0,0.3392933201681007,0.08482333004202518,ok,2171
UCB direct,9,4.0,0.3392933201681007,0.08482333004202518,ok,2162
TS appendix,9,4.0,0.3392933201681007,0.08482333004202518,ok,6757
TS direct,9,4.0,0.3392933201681007,0.08482333004202518,ok,6747
Xu2021 observation-free UCB,9,4.0,0.3392933201681007,0.08482333004202518,ok,2122.0
Xu2021 observation-free TS,9,4.0,0.3392933201681007,0.08482333004202518,ok,2122.0
UCB appendix,9,5.0,0.4241166502101259,0.08482333004202518,ok,1426
UCB direct,9,5.0,0.4241166502101259,0.08482333004202518,ok,1417
TS appendix,9,5.0,0.4241166502101259,0.08482333004202518,ok,4585
TS direct,9,5.0,0.4241166502101259,0.08482333004202518,ok,4575
Xu2021 observation-free UCB,9,5.0,0.4241166502101259,0.08482333004202518,ok,1358.0
Xu2021 observation-free TS,9,5.0,0.4241166502101259,0.08482333004202518,ok,1358.0
UCB appendix,9,6.0,0.508939980252151,0.08482333004202518,ok,1008
UCB direct,9,6.0,0.508939980252151,0.08482333004202518,ok,999
TS appendix,9,6.0,0.508939980252151,0.08482333004202518,ok,3390
TS direct,9,6.0,0.508939980252151,0.08482333004202518,ok,3379
Xu2021 observation-free UCB,9,6.0,0.508939980252151,0.08482333004202518,ok,944.0
Xu2021 observation-free TS,9,6.0,0.508939980252151,0.08482333004202518,ok,944.0
