algorithm,repeat,T,status,native_cost,target_ratio,post_phase_ratio,target_pulls,non_target_pulls,clipped_cost,requested_cost,sample_equivalent_cost
Jun2018 clipped UCB,0,100000,failed,79144,0.20291,,20291,79709,23046678.5761422,23110483.68725333,
Zuo2024 clipped TS,0,100000,failed,63653,0.35931,,35931,64069,4.4263863273250906e+17,4.426386327325599e+17,
Xu2021 observation-free UCB,0,100000,infeasible,671434.0,,,,,0.0,671434.0,6714340.0
Xu2021 observation-free TS,0,100000,infeasible,671434.0,,,,,0.0,671434.0,6714340.0
Jun2018 clipped UCB,0,250000,failed,174920,0.295696,,73924,176076,60930957.748811595,61072399.0821459,
Zuo2024 clipped TS,0,250000,failed,109433,0.559392,,139848,110152,1.308307599475845e+18,1.3083075994759324e+18,
Xu2021 observation-free UCB,0,250000,infeasible,724872.0,,,,,0.0,724872.0,7248720.0
Xu2021 observation-free TS,0,250000,infeasible,724872.0,,,,,0.0,724872.0,7248720.0
Jun2018 clipped UCB,0,500000,failed,287355,0.421462,,210731,289269,100124419.89499949,100356659.78388774,
Zuo2024 clipped TS,0,500000,failed,140526,0.717006,,358503,141497,2.1587449212843814e+18,2.1587449212844928e+18,
Xu2021 observation-free UCB,0,500000,infeasible,765298.0,,,,,0.0,765298.0,7652980.0
Xu2021 observation-free TS,0,500000,infeasible,765298.0,,,,,0.0,765298.0,7652980.0
Jun2018 clipped UCB,0,1000000,failed,416282,0.581013,,581013,418987,122258492.93977128,122594847.82866238,
Zuo2024 clipped TS,0,1000000,failed,174638,0.824173,,824173,175827,3.333281605317455e+18,3.333281605317596e+18,
Xu2021 observation-free UCB,0,1000000,simulated,805722.0,0.637417,1.0,637417,362583,0.0,805722.0,8057220.0
Xu2021 observation-free TS,0,1000000,simulated,805722.0,0.63732,1.0,637320,362680,0.0,805722.0,8057220.0
Jun2018 clipped UCB,0,2500000,failed,700537,0.7179508,,1794877,705123,128123097.62486099,128687555.49630542,
Zuo2024 clipped TS,0,2500000,failed,217646,0.9123444,,2280861,219139,5.177684134417681e+18,5.177684134417862e+18,
Xu2021 observation-free UCB,0,2500000,simulated,859160.0,0.8453476,1.0,2113369,386631,0.0,859160.0,8591600.0
Xu2021 observation-free TS,0,2500000,simulated,859160.0,0.84538,1.0,2113450,386550,0.0,859160.0,8591600.0
Jun2018 clipped UCB,0,5000000,failed,1039125,0.7908112,,3954056,1045944,127545184.03072308,128380473.61092985,
Zuo2024 clipped TS,0,5000000,failed,249646,0.9497456,,4748728,251272,6.80744535545449e+18,6.807445355454694e+18,
Xu2021 observation-free UCB,0,5000000,simulated,899584.0,0.919036,1.0,4595180,404820,0.0,899584.0,8995840.0
Xu2021 observation-free TS,0,5000000,simulated,899584.0,0.9190268,1.0,4595134,404866,0.0,899584.0,8995840.0
Jun2018 clipped UCB,0,10000000,failed,1430571,0.8559811,,8559811,1440189,124020654.06475353,125168985.23120467,
Zuo2024 clipped TS,0,10000000,failed,281251,0.9716891,,9716891,283109,8.641705575967174e+18,8.641705575967405e+18,
Xu2021 observation-free UCB,0,10000000,simulated,940008.0,0.9576991,1.0,9576991,423009,0.0,940008.0,9400080.0
Xu2021 observation-free TS,0,10000000,simulated,940008.0,0.9576827,1.0,9576827,423173,0.0,940008.0,9400080.0
Jun2018 clipped UCB,0,15000000,failed,1671782,0.8878024,,13317036,1682964,128012674.57727249,129353343.99119724,
Zuo2024 clipped TS,0,15000000,failed,300998,0.9798028,,14697042,302958,9.895910695582747e+18,9.895910695582984e+18,
Xu2021 observation-free UCB,0,15000000,simulated,963656.0,0.9710902,1.0,14566353,433647,0.0,963656.0,9636560.0
Xu2021 observation-free TS,0,15000000,simulated,963656.0,0.9710987333333333,1.0,14566481,433519,0.0,963656.0,9636560.0
Jun2018 clipped UCB,0,20000000,failed,1844132,0.9071785,,18143570,1856430,126941360.36726251,128419526.89975922,
Zuo2024 clipped TS,0,20000000,failed,314563,0.9841698,,19683396,316604,1.0807479707474858e+19,1.0807479707475112e+19,
Xu2021 observation-free UCB,0,20000000,simulated,980432.0,0.9779401,1.0,19558802,441198,0.0,980432.0,9804320.0
Xu2021 observation-free TS,0,20000000,simulated,980432.0,0.9779418,1.0,19558836,441164,0.0,980432.0,9804320.0
Jun2018 clipped UCB,0,25000000,failed,1977132,0.920383,,23009575,1990425,124822247.48766662,126406330.64289992,
Zuo2024 clipped TS,0,25000000,failed,324641,0.98692684,,24673171,326829,1.1516772791453913e+19,1.1516772791454167e+19,
Xu2021 observation-free UCB,0,25000000,simulated,993446.0,0.98211772,1.0,24552943,447057,0.0,993446.0,9934460.0
Xu2021 observation-free TS,0,25000000,simulated,993446.0,0.98211548,1.0,24552887,447113,0.0,993446.0,9934460.0
Jun2018 clipped UCB,1,100000,failed,79272,0.20195,,20195,79805,23022180.933586743,23086171.155809306,
Zuo2024 clipped TS,1,100000,failed,63588,0.35979,,35979,64021,4.4197082612648934e+17,4.419708261265414e+17,
Xu2021 observation-free UCB,1,100000,infeasible,671434.0,,,,,0.0,671434.0,6714340.0
Xu2021 observation-free TS,1,100000,infeasible,671434.0,,,,,0.0,671434.0,6714340.0
Jun2018 clipped UCB,1,250000,failed,175303,0.294304,,73576,176424,60992365.43045295,61133980.208230086,
Zuo2024 clipped TS,1,250000,failed,108110,0.564776,,141194,108806,1.2765225003290324e+18,1.2765225003291185e+18,
Xu2021 observation-free UCB,1,250000,infeasible,724872.0,,,,,0.0,724872.0,7248720.0
Xu2021 observation-free TS,1,250000,infeasible,724872.0,,,,,0.0,724872.0,7248720.0
Jun2018 clipped UCB,1,500000,failed,286129,0.423972,,211986,288014,97529873.01012221,97761095.01012173,
Zuo2024 clipped TS,1,500000,failed,141058,0.71605,,358025,141975,2.1734039645424056e+18,2.173403964542519e+18,
Xu2021 observation-free UCB,1,500000,infeasible,765298.0,,,,,0.0,765298.0,7652980.0
Xu2021 observation-free TS,1,500000,infeasible,765298.0,,,,,0.0,765298.0,7652980.0
Jun2018 clipped UCB,1,1000000,failed,416650,0.580633,,580633,419367,125077036.9335127,125413559.37795159,
Zuo2024 clipped TS,1,1000000,failed,175198,0.823684,,823684,176316,3.351864949966607e+18,3.351864949966754e+18,
Xu2021 observation-free UCB,1,1000000,simulated,805722.0,0.637417,1.0,637417,362583,0.0,805722.0,8057220.0
Xu2021 observation-free TS,1,1000000,simulated,805722.0,0.637462,1.0,637462,362538,0.0,805722.0,8057220.0
Jun2018 clipped UCB,1,2500000,failed,700400,0.7179472,,1794868,705132,124256421.27922975,124820600.82980402,
Zuo2024 clipped TS,1,2500000,failed,217882,0.91228,,2280700,219300,5.185292813309616e+18,5.185292813309793e+18,
Xu2021 observation-free UCB,1,2500000,simulated,859160.0,0.8453476,1.0,2113369,386631,0.0,859160.0,8591600.0
Xu2021 observation-free TS,1,2500000,simulated,859160.0,0.8453568,1.0,2113392,386608,0.0,859160.0,8591600.0
Jun2018 clipped UCB,1,5000000,failed,1038914,0.7908312,,3954156,1045844,130217254.91796057,131052119.53876425,
Zuo2024 clipped TS,1,5000000,failed,249401,0.9498006,,4749003,250997,6.79252039315223e+18,6.79252039315243e+18,
Xu2021 observation-free UCB,1,5000000,simulated,899584.0,0.919036,1.0,4595180,404820,0.0,899584.0,8995840.0
Xu2021 observation-free TS,1,5000000,simulated,899584.0,0.9190166,1.0,4595083,404917,0.0,899584.0,8995840.0
Jun2018 clipped UCB,1,10000000,failed,1430574,0.8559802,,8559802,1440198,127231985.0597637,128380052.92619635,
Zuo2024 clipped TS,1,10000000,failed,282154,0.9715969,,9715969,284031,8.698077025026987e+18,8.698077025027205e+18,
Xu2021 observation-free UCB,1,10000000,simulated,940008.0,0.9576991,1.0,9576991,423009,0.0,940008.0,9400080.0
Xu2021 observation-free TS,1,10000000,simulated,940008.0,0.9576828,1.0,9576828,423172,0.0,940008.0,9400080.0
Jun2018 clipped UCB,1,15000000,failed,1671724,0.8878027333333334,,13317041,1682959,129477304.82271188,130817582.983727,
Zuo2024 clipped TS,1,15000000,failed,300864,0.9798121333333333,,14697182,302818,9.886764957067743e+18,9.886764957067993e+18,
Xu2021 observation-free UCB,1,15000000,simulated,963656.0,0.9710902,1.0,14566353,433647,0.0,963656.0,9636560.0
Xu2021 observation-free TS,1,15000000,simulated,963656.0,0.9710815333333334,1.0,14566223,433777,0.0,963656.0,9636560.0
Jun2018 clipped UCB,1,20000000,failed,1844040,0.9071758,,18143516,1856484,128764710.83436023,130242470.7998532,
Zuo2024 clipped TS,1,20000000,failed,313867,0.98419685,,19683937,316063,1.077053724017993e+19,1.0770537240180187e+19,
Xu2021 observation-free UCB,1,20000000,simulated,980432.0,0.9779401,1.0,19558802,441198,0.0,980432.0,9804320.0
Xu2021 observation-free TS,1,20000000,simulated,980432.0,0.9779314,1.0,19558628,441372,0.0,980432.0,9804320.0
Jun2018 clipped UCB,1,25000000,failed,1977346,0.92038204,,23009551,1990449,122353590.40203686,123937664.50177035,
Zuo2024 clipped TS,1,25000000,failed,324430,0.98693516,,24673379,326621,1.1502119246087873e+19,1.150211924608813e+19,
Xu2021 observation-free UCB,1,25000000,simulated,993446.0,0.98211772,1.0,24552943,447057,0.0,993446.0,9934460.0
Xu2021 observation-free TS,1,25000000,simulated,993446.0,0.98211732,1.0,24552933,447067,0.0,993446.0,9934460.0
Jun2018 clipped UCB,2,100000,failed,79262,0.20214,,20214,79786,23084588.491418716,23148629.713641196,
Zuo2024 clipped TS,2,100000,failed,64058,0.35521,,35521,64479,4.4830968020671443e+17,4.483096802067656e+17,
Xu2021 observation-free UCB,2,100000,infeasible,671434.0,,,,,0.0,671434.0,6714340.0
Xu2021 observation-free TS,2,100000,infeasible,671434.0,,,,,0.0,671434.0,6714340.0
Jun2018 clipped UCB,2,250000,failed,174330,0.29806,,74515,175485,59955845.3745621,60096677.59678501,
Zuo2024 clipped TS,2,250000,failed,109285,0.559608,,139902,110098,1.3070039159550182e+18,1.3070039159551053e+18,
Xu2021 observation-free UCB,2,250000,infeasible,724872.0,,,,,0.0,724872.0,7248720.0
Xu2021 observation-free TS,2,250000,infeasible,724872.0,,,,,0.0,724872.0,7248720.0
Jun2018 clipped UCB,2,500000,failed,287666,0.420958,,210479,289521,99900532.38341081,100132891.82785444,
Zuo2024 clipped TS,2,500000,failed,140822,0.716502,,358251,141749,2.1664300660921388e+18,2.1664300660922527e+18,
Xu2021 observation-free UCB,2,500000,infeasible,765298.0,,,,,0.0,765298.0,7652980.0
Xu2021 observation-free TS,2,500000,infeasible,765298.0,,,,,0.0,765298.0,7652980.0
Jun2018 clipped UCB,2,1000000,failed,418266,0.578943,,578943,421057,124419910.50116573,124757889.5011561,
Zuo2024 clipped TS,2,1000000,failed,174660,0.824133,,824133,175867,3.334791431648825e+18,3.334791431648967e+18,
Xu2021 observation-free UCB,2,1000000,simulated,805722.0,0.637417,1.0,637417,362583,0.0,805722.0,8057220.0
Xu2021 observation-free TS,2,1000000,simulated,805722.0,0.637453,1.0,637453,362547,0.0,805722.0,8057220.0
Jun2018 clipped UCB,2,2500000,failed,700446,0.7179292,,1794823,705177,125020702.65172544,125585061.35067157,
Zuo2024 clipped TS,2,2500000,failed,216309,0.9129368,,2282342,217658,5.10794110557665e+18,5.107941105576833e+18,
Xu2021 observation-free UCB,2,2500000,simulated,859160.0,0.8453476,1.0,2113369,386631,0.0,859160.0,8591600.0
Xu2021 observation-free TS,2,2500000,simulated,859160.0,0.8453564,1.0,2113391,386609,0.0,859160.0,8591600.0
Jun2018 clipped UCB,2,5000000,failed,1038957,0.7908128,,3954064,1045936,126431356.900433,127266314.29477884,
Zuo2024 clipped TS,2,5000000,failed,249429,0.9497868,,4748934,251066,6.796251625965329e+18,6.796251625965526e+18,
Xu2021 observation-free UCB,2,5000000,simulated,899584.0,0.919036,1.0,4595180,404820,0.0,899584.0,8995840.0
Xu2021 observation-free TS,2,5000000,simulated,899584.0,0.9190022,1.0,4595011,404989,0.0,899584.0,8995840.0
Jun2018 clipped UCB,2,10000000,failed,1430605,0.8559865,,8559865,1440135,126806257.35993324,127954476.9242686,
Zuo2024 clipped TS,2,10000000,failed,280929,0.9717275,,9717275,282725,8.61828023025234e+18,8.618280230252582e+18,
Xu2021 observation-free UCB,2,10000000,simulated,940008.0,0.9576991,1.0,9576991,423009,0.0,940008.0,9400080.0
Xu2021 observation-free TS,2,10000000,simulated,940008.0,0.9576983,1.0,9576983,423017,0.0,940008.0,9400080.0
Jun2018 clipped UCB,2,15000000,failed,1671729,0.8878036,,13317054,1682946,127677584.47811998,129018358.36211689,
Zuo2024 clipped TS,2,15000000,failed,301018,0.9797979333333333,,14696969,303031,9.900661569042104e+18,9.900661569042344e+18,
Xu2021 observation-free UCB,2,15000000,simulated,963656.0,0.9710902,1.0,14566353,433647,0.0,963656.0,9636560.0
Xu2021 observation-free TS,2,15000000,simulated,963656.0,0.9710898666666666,1.0,14566348,433652,0.0,963656.0,9636560.0
Jun2018 clipped UCB,2,20000000,failed,1844037,0.90717715,,18143543,1856457,124314017.71310899,125792459.09512778,
Zuo2024 clipped TS,2,20000000,failed,313843,0.98420695,,19684139,315861,1.075677247282016e+19,1.0756772472820412e+19,
Xu2021 observation-free UCB,2,20000000,simulated,980432.0,0.9779401,1.0,19558802,441198,0.0,980432.0,9804320.0
Xu2021 observation-free TS,2,20000000,simulated,980432.0,0.9779361,1.0,19558722,441278,0.0,980432.0,9804320.0
Jun2018 clipped UCB,2,25000000,failed,1977163,0.92038204,,23009551,1990449,124188325.2539794,125772174.05122514,
Zuo2024 clipped TS,2,25000000,failed,324938,0.98691616,,24672904,327096,1.153560015284912e+19,1.1535600152849381e+19,
Xu2021 observation-free UCB,2,25000000,simulated,993446.0,0.98211772,1.0,24552943,447057,0.0,993446.0,9934460.0
Xu2021 observation-free TS,2,25000000,simulated,993446.0,0.9821212,1.0,24553030,446970,0.0,993446.0,9934460.0
Jun2018 clipped UCB,3,100000,failed,79176,0.20282,,20282,79718,23063502.14459743,23127459.14459748,
Zuo2024 clipped TS,3,100000,failed,63330,0.36231,,36231,63769,4.385032611918731e+17,4.385032611919255e+17,
Xu2021 observation-free UCB,3,100000,infeasible,671434.0,,,,,0.0,671434.0,6714340.0
Xu2021 observation-free TS,3,100000,infeasible,671434.0,,,,,0.0,671434.0,6714340.0
Jun2018 clipped UCB,3,250000,failed,175092,0.29484,,73710,176290,60035720.245243326,60177176.68968784,
Zuo2024 clipped TS,3,250000,failed,108850,0.561796,,140449,109551,1.294042667550922e+18,1.2940426675510134e+18,
Xu2021 observation-free UCB,3,250000,infeasible,724872.0,,,,,0.0,724872.0,7248720.0
Xu2021 observation-free TS,3,250000,infeasible,724872.0,,,,,0.0,724872.0,7248720.0
Jun2018 clipped UCB,3,500000,failed,288059,0.420112,,210056,289944,98522160.11367439,98754969.11366989,
Zuo2024 clipped TS,3,500000,failed,141029,0.716064,,358032,141968,2.1731425245430525e+18,2.1731425245431631e+18,
Xu2021 observation-free UCB,3,500000,infeasible,765298.0,,,,,0.0,765298.0,7652980.0
Xu2021 observation-free TS,3,500000,infeasible,765298.0,,,,,0.0,765298.0,7652980.0
Jun2018 clipped UCB,3,1000000,failed,416846,0.580409,,580409,419591,124883560.52719058,125220339.74941473,
Zuo2024 clipped TS,3,1000000,failed,174033,0.824831,,824831,175169,3.3083820560389315e+18,3.3083820560390723e+18,
Xu2021 observation-free UCB,3,1000000,simulated,805722.0,0.637417,1.0,637417,362583,0.0,805722.0,8057220.0
Xu2021 observation-free TS,3,1000000,simulated,805722.0,0.637257,1.0,637257,362743,0.0,805722.0,8057220.0
Jun2018 clipped UCB,3,2500000,failed,700463,0.7179364,,1794841,705159,126782299.01064825,127346523.6741907,
Zuo2024 clipped TS,3,2500000,failed,217170,0.9125688,,2281422,218578,5.15121469924012e+18,5.151214699240284e+18,
Xu2021 observation-free UCB,3,2500000,simulated,859160.0,0.8453476,1.0,2113369,386631,0.0,859160.0,8591600.0
Xu2021 observation-free TS,3,2500000,simulated,859160.0,0.8453452,1.0,2113363,386637,0.0,859160.0,8591600.0
Jun2018 clipped UCB,3,5000000,failed,1039024,0.7908166,,3954083,1045917,124671219.70099708,125506047.11282286,
Zuo2024 clipped TS,3,5000000,failed,249542,0.9497664,,4748832,251168,6.801794981840039e+18,6.801794981840245e+18,
Xu2021 observation-free UCB,3,5000000,simulated,899584.0,0.919036,1.0,4595180,404820,0.0,899584.0,8995840.0
Xu2021 observation-free TS,3,5000000,simulated,899584.0,0.9190072,1.0,4595036,404964,0.0,899584.0,8995840.0
Jun2018 clipped UCB,3,10000000,failed,1430621,0.8559811,,8559811,1440189,126247892.35280536,127395600.20582281,
Zuo2024 clipped TS,3,10000000,failed,282056,0.9716106,,9716106,283894,8.689707145229496e+18,8.689707145229732e+18,
Xu2021 observation-free UCB,3,10000000,simulated,940008.0,0.9576991,1.0,9576991,423009,0.0,940008.0,9400080.0
Xu2021 observation-free TS,3,10000000,simulated,940008.0,0.9576918,1.0,9576918,423082,0.0,940008.0,9400080.0
Jun2018 clipped UCB,3,15000000,failed,1671743,0.8878024,,13317036,1682964,124708406.66375448,126048872.37481233,
Zuo2024 clipped TS,3,15000000,failed,299984,0.9798648666666666,,14697973,302027,9.835193152212492e+18,9.835193152212736e+18,
Xu2021 observation-free UCB,3,15000000,simulated,963656.0,0.9710902,1.0,14566353,433647,0.0,963656.0,9636560.0
Xu2021 observation-free TS,3,15000000,simulated,963656.0,0.9711002,1.0,14566503,433497,0.0,963656.0,9636560.0
Jun2018 clipped UCB,3,20000000,failed,1844116,0.90717585,,18143517,1856483,126873405.20757525,128350796.06537154,
Zuo2024 clipped TS,3,20000000,failed,314482,0.9841728,,19683456,316544,1.0803359148997005e+19,1.0803359148997251e+19,
Xu2021 observation-free UCB,3,20000000,simulated,980432.0,0.9779401,1.0,19558802,441198,0.0,980432.0,9804320.0
Xu2021 observation-free TS,3,20000000,simulated,980432.0,0.97794825,1.0,19558965,441035,0.0,980432.0,9804320.0
Jun2018 clipped UCB,3,25000000,failed,1977084,0.92038132,,23009533,1990467,125330124.34814881,126914214.15676293,
Zuo2024 clipped TS,3,25000000,failed,325187,0.98690572,,24672643,327357,1.155401890035484e+19,1.155401890035512e+19,
Xu2021 observation-free UCB,3,25000000,simulated,993446.0,0.98211772,1.0,24552943,447057,0.0,993446.0,9934460.0
Xu2021 observation-free TS,3,25000000,simulated,993446.0,0.98211512,1.0,24552878,447122,0.0,993446.0,9934460.0
Jun2018 clipped UCB,4,100000,failed,79365,0.20152,,20152,79848,22762600.536624458,22826622.5366246,
Zuo2024 clipped TS,4,100000,failed,62932,0.36634,,36634,63366,4.329700239216554e+17,4.3297002392170605e+17,
Xu2021 observation-free UCB,4,100000,infeasible,671434.0,,,,,0.0,671434.0,6714340.0
Xu2021 observation-free TS,4,100000,infeasible,671434.0,,,,,0.0,671434.0,6714340.0
Jun2018 clipped UCB,4,250000,failed,174433,0.297472,,74368,175632,59753675.08221958,59894601.74888724,
Zuo2024 clipped TS,4,250000,failed,108917,0.561396,,140349,109651,1.2964072132914767e+18,1.2964072132915633e+18,
Xu2021 observation-free UCB,4,250000,infeasible,724872.0,,,,,0.0,724872.0,7248720.0
Xu2021 observation-free TS,4,250000,infeasible,724872.0,,,,,0.0,724872.0,7248720.0
Jun2018 clipped UCB,4,500000,failed,288218,0.41983,,209915,290085,99213797.2540903,99446608.47630891,
Zuo2024 clipped TS,4,500000,failed,141114,0.716026,,358013,141987,2.1737299450983547e+18,2.1737299450984707e+18,
Xu2021 observation-free UCB,4,500000,infeasible,765298.0,,,,,0.0,765298.0,7652980.0
Xu2021 observation-free TS,4,500000,infeasible,765298.0,,,,,0.0,765298.0,7652980.0
Jun2018 clipped UCB,4,1000000,failed,414882,0.582375,,582375,417625,121242028.13543262,121577057.46877033,
Zuo2024 clipped TS,4,1000000,failed,173991,0.824834,,824834,175166,3.308293354255335e+18,3.308293354255481e+18,
Xu2021 observation-free UCB,4,1000000,simulated,805722.0,0.637417,1.0,637417,362583,0.0,805722.0,8057220.0
Xu2021 observation-free TS,4,1000000,simulated,805722.0,0.637261,1.0,637261,362739,0.0,805722.0,8057220.0
Jun2018 clipped UCB,4,2500000,failed,700492,0.717986,,1794965,705035,128860740.99724482,129425075.10352911,
Zuo2024 clipped TS,4,2500000,failed,217445,0.9124576,,2281144,218856,5.164347146916682e+18,5.164347146916853e+18,
Xu2021 observation-free UCB,4,2500000,simulated,859160.0,0.8453476,1.0,2113369,386631,0.0,859160.0,8591600.0
Xu2021 observation-free TS,4,2500000,simulated,859160.0,0.8453264,1.0,2113316,386684,0.0,859160.0,8591600.0
Jun2018 clipped UCB,4,5000000,failed,1039002,0.790813,,3954065,1045935,125923711.42982376,126758917.87588702,
Zuo2024 clipped TS,4,5000000,failed,248144,0.950034,,4750170,249830,6.729514983428725e+18,6.729514983428938e+18,
Xu2021 observation-free UCB,4,5000000,simulated,899584.0,0.919036,1.0,4595180,404820,0.0,899584.0,8995840.0
Xu2021 observation-free TS,4,5000000,simulated,899584.0,0.9190208,1.0,4595104,404896,0.0,899584.0,8995840.0
Jun2018 clipped UCB,4,10000000,failed,1430613,0.8559856,,8559856,1440144,126395585.34808058,127543286.33574171,
Zuo2024 clipped TS,4,10000000,failed,282025,0.9716141,,9716141,283859,8.687556990108336e+18,8.687556990108571e+18,
Xu2021 observation-free UCB,4,10000000,simulated,940008.0,0.9576991,1.0,9576991,423009,0.0,940008.0,9400080.0
Xu2021 observation-free TS,4,10000000,simulated,940008.0,0.9576937,1.0,9576937,423063,0.0,940008.0,9400080.0
Jun2018 clipped UCB,4,15000000,failed,1671694,0.8878036,,13317054,1682946,128578185.38136998,129918560.71436895,
Zuo2024 clipped TS,4,15000000,failed,300190,0.9798592666666667,,14697889,302111,9.840666081507369e+18,9.840666081507607e+18,
Xu2021 observation-free UCB,4,15000000,simulated,963656.0,0.9710902,1.0,14566353,433647,0.0,963656.0,9636560.0
Xu2021 observation-free TS,4,15000000,simulated,963656.0,0.9710901333333334,1.0,14566352,433648,0.0,963656.0,9636560.0
Jun2018 clipped UCB,4,20000000,failed,1844222,0.90717895,,18143579,1856421,127045870.71355331,128523325.32271318,
Zuo2024 clipped TS,4,20000000,failed,314018,0.98419235,,19683847,316153,1.0776671480690227e+19,1.0776671480690465e+19,
Xu2021 observation-free UCB,4,20000000,simulated,980432.0,0.9779401,1.0,19558802,441198,0.0,980432.0,9804320.0
Xu2021 observation-free TS,4,20000000,simulated,980432.0,0.9779324,1.0,19558648,441352,0.0,980432.0,9804320.0
Jun2018 clipped UCB,4,25000000,failed,1977061,0.92038164,,23009541,1990459,127047919.50655104,128631911.37798947,
Zuo2024 clipped TS,4,25000000,failed,324909,0.9869176,,24672940,327060,1.1533052987047594e+19,1.1533052987047846e+19,
Xu2021 observation-free UCB,4,25000000,simulated,993446.0,0.98211772,1.0,24552943,447057,0.0,993446.0,9934460.0
Xu2021 observation-free TS,4,25000000,simulated,993446.0,0.98212516,1.0,24553129,446871,0.0,993446.0,9934460.0
Jun2018 clipped UCB,5,100000,failed,79563,0.19927,,19927,80073,23378179.75759936,23442489.090932563,
Zuo2024 clipped TS,5,100000,failed,63938,0.35664,,35664,64336,4.463332763271955e+17,4.4633327632724717e+17,
Xu2021 observation-free UCB,5,100000,infeasible,671434.0,,,,,0.0,671434.0,6714340.0
Xu2021 observation-free TS,5,100000,infeasible,671434.0,,,,,0.0,671434.0,6714340.0
Jun2018 clipped UCB,5,250000,failed,174208,0.298504,,74626,175374,60692010.0323604,60832829.476805225,
Zuo2024 clipped TS,5,250000,failed,105710,0.574468,,143617,106383,1.2202959410032133e+18,1.2202959410033006e+18,
Xu2021 observation-free UCB,5,250000,infeasible,724872.0,,,,,0.0,724872.0,7248720.0
Xu2021 observation-free TS,5,250000,infeasible,724872.0,,,,,0.0,724872.0,7248720.0
Jun2018 clipped UCB,5,500000,failed,284866,0.426532,,213266,286734,96351924.27482934,96581976.83038458,
Zuo2024 clipped TS,5,500000,failed,143311,0.711432,,355716,144284,2.2446162230319245e+18,2.2446162230320415e+18,
Xu2021 observation-free UCB,5,500000,infeasible,765298.0,,,,,0.0,765298.0,7652980.0
Xu2021 observation-free TS,5,500000,infeasible,765298.0,,,,,0.0,765298.0,7652980.0
Jun2018 clipped UCB,5,1000000,failed,416728,0.580512,,580512,419488,121867733.19018584,122204305.96796007,
Zuo2024 clipped TS,5,1000000,failed,175835,0.822973,,822973,177027,3.3789399567010427e+18,3.3789399567011825e+18,
Xu2021 observation-free UCB,5,1000000,simulated,805722.0,0.637417,1.0,637417,362583,0.0,805722.0,8057220.0
Xu2021 observation-free TS,5,1000000,simulated,805722.0,0.6374,1.0,637400,362600,0.0,805722.0,8057220.0
Jun2018 clipped UCB,5,2500000,failed,700537,0.7179544,,1794886,705114,127544884.17908615,128109434.93573907,
Zuo2024 clipped TS,5,2500000,failed,216612,0.9127888,,2281972,218028,5.125329678531284e+18,5.125329678531459e+18,
Xu2021 observation-free UCB,5,2500000,simulated,859160.0,0.8453476,1.0,2113369,386631,0.0,859160.0,8591600.0
Xu2021 observation-free TS,5,2500000,simulated,859160.0,0.8453012,1.0,2113253,386747,0.0,859160.0,8591600.0
Jun2018 clipped UCB,5,5000000,failed,1038880,0.790813,,3954065,1045935,126571986.2866377,127407180.39364323,
Zuo2024 clipped TS,5,5000000,failed,249682,0.9497358,,4748679,251321,6.810082315631995e+18,6.810082315632195e+18,
Xu2021 observation-free UCB,5,5000000,simulated,899584.0,0.919036,1.0,4595180,404820,0.0,899584.0,8995840.0
Xu2021 observation-free TS,5,5000000,simulated,899584.0,0.9190394,1.0,4595197,404803,0.0,899584.0,8995840.0
Jun2018 clipped UCB,5,10000000,failed,1430684,0.8559892,,8559892,1440108,128576370.36142588,129723939.88110344,
Zuo2024 clipped TS,5,10000000,failed,281985,0.9716152,,9716152,283848,8.68685848807134e+18,8.686858488071543e+18,
Xu2021 observation-free UCB,5,10000000,simulated,940008.0,0.9576991,1.0,9576991,423009,0.0,940008.0,9400080.0
Xu2021 observation-free TS,5,10000000,simulated,940008.0,0.9577015,1.0,9577015,422985,0.0,940008.0,9400080.0
Jun2018 clipped UCB,5,15000000,failed,1671719,0.8878027333333334,,13317041,1682959,124777346.5093413,126117740.95616993,
Zuo2024 clipped TS,5,15000000,failed,300601,0.9798249333333333,,14697374,302626,9.87423728333559e+18,9.874237283335827e+18,
Xu2021 observation-free UCB,5,15000000,simulated,963656.0,0.9710902,1.0,14566353,433647,0.0,963656.0,9636560.0
Xu2021 observation-free TS,5,15000000,simulated,963656.0,0.9710877333333333,1.0,14566316,433684,0.0,963656.0,9636560.0
Jun2018 clipped UCB,5,20000000,failed,1844159,0.9071803,,18143606,1856394,126220200.63921371,127698190.95353653,
Zuo2024 clipped TS,5,20000000,failed,314326,0.9841853,,19683706,316294,1.078629586766265e+19,1.0786295867662903e+19,
Xu2021 observation-free UCB,5,20000000,simulated,980432.0,0.9779401,1.0,19558802,441198,0.0,980432.0,9804320.0
Xu2021 observation-free TS,5,20000000,simulated,980432.0,0.9779431,1.0,19558862,441138,0.0,980432.0,9804320.0
Jun2018 clipped UCB,5,25000000,failed,1977043,0.92038596,,23009649,1990351,128274913.69220714,129858916.50612018,
Zuo2024 clipped TS,5,25000000,failed,324483,0.98693656,,24673414,326586,1.1499684363037932e+19,1.1499684363038192e+19,
Xu2021 observation-free UCB,5,25000000,simulated,993446.0,0.98211772,1.0,24552943,447057,0.0,993446.0,9934460.0
Xu2021 observation-free TS,5,25000000,simulated,993446.0,0.98211576,1.0,24552894,447106,0.0,993446.0,9934460.0
Jun2018 clipped UCB,6,100000,failed,78716,0.20729,,20729,79271,22250222.02540194,22313868.136512905,
Zuo2024 clipped TS,6,100000,failed,62414,0.37171,,37171,62829,4.256620193690958e+17,4.256620193691464e+17,
Xu2021 observation-free UCB,6,100000,infeasible,671434.0,,,,,0.0,671434.0,6714340.0
Xu2021 observation-free TS,6,100000,infeasible,671434.0,,,,,0.0,671434.0,6714340.0
Jun2018 clipped UCB,6,250000,failed,174450,0.297652,,74413,175587,60908442.433501236,61049399.655723706,
Zuo2024 clipped TS,6,250000,failed,108782,0.561832,,140458,109542,1.2938445222030764e+18,1.2938445222031631e+18,
Xu2021 observation-free UCB,6,250000,infeasible,724872.0,,,,,0.0,724872.0,7248720.0
Xu2021 observation-free TS,6,250000,infeasible,724872.0,,,,,0.0,724872.0,7248720.0
Jun2018 clipped UCB,6,500000,failed,285914,0.424358,,212179,287821,96429402.55564563,96660247.11120142,
Zuo2024 clipped TS,6,500000,failed,143380,0.711314,,355657,144343,2.24645230937246e+18,2.2464523093725711e+18,
Xu2021 observation-free UCB,6,500000,infeasible,765298.0,,,,,0.0,765298.0,7652980.0
Xu2021 observation-free TS,6,500000,infeasible,765298.0,,,,,0.0,765298.0,7652980.0
Jun2018 clipped UCB,6,1000000,failed,417070,0.580202,,580202,419798,123461983.18789446,123798848.07678495,
Zuo2024 clipped TS,6,1000000,failed,175646,0.823235,,823235,176765,3.368951610440935e+18,3.368951610441084e+18,
Xu2021 observation-free UCB,6,1000000,simulated,805722.0,0.637417,1.0,637417,362583,0.0,805722.0,8057220.0
Xu2021 observation-free TS,6,1000000,simulated,805722.0,0.637327,1.0,637327,362673,0.0,805722.0,8057220.0
Jun2018 clipped UCB,6,2500000,failed,700452,0.71794,,1794850,705150,130216934.28258434,130781227.78044614,
Zuo2024 clipped TS,6,2500000,failed,217120,0.9126096,,2281524,218476,5.146411930572118e+18,5.146411930572295e+18,
Xu2021 observation-free UCB,6,2500000,simulated,859160.0,0.8453476,1.0,2113369,386631,0.0,859160.0,8591600.0
Xu2021 observation-free TS,6,2500000,simulated,859160.0,0.8453276,1.0,2113319,386681,0.0,859160.0,8591600.0
Jun2018 clipped UCB,6,5000000,failed,1039062,0.7908112,,3954056,1045944,125227664.23349088,126062833.17660423,
Zuo2024 clipped TS,6,5000000,failed,248965,0.9498766,,4749383,250617,6.771963996144324e+18,6.771963996144529e+18,
Xu2021 observation-free UCB,6,5000000,simulated,899584.0,0.919036,1.0,4595180,404820,0.0,899584.0,8995840.0
Xu2021 observation-free TS,6,5000000,simulated,899584.0,0.9190474,1.0,4595237,404763,0.0,899584.0,8995840.0
Jun2018 clipped UCB,6,10000000,failed,1430502,0.8559856,,8559856,1440144,127313942.02100323,128461865.3242104,
Zuo2024 clipped TS,6,10000000,failed,280674,0.971749,,9717490,282510,8.605178714767433e+18,8.605178714767666e+18,
Xu2021 observation-free UCB,6,10000000,simulated,940008.0,0.9576991,1.0,9576991,423009,0.0,940008.0,9400080.0
Xu2021 observation-free TS,6,10000000,simulated,940008.0,0.9577028,1.0,9577028,422972,0.0,940008.0,9400080.0
Jun2018 clipped UCB,6,15000000,failed,1671524,0.8878042,,13317063,1682937,124837939.18493533,126178163.64149031,
Zuo2024 clipped TS,6,15000000,failed,301227,0.9797859333333333,,14696789,303211,9.912439825560547e+18,9.912439825560791e+18,
Xu2021 observation-free UCB,6,15000000,simulated,963656.0,0.9710902,1.0,14566353,433647,0.0,963656.0,9636560.0
Xu2021 observation-free TS,6,15000000,simulated,963656.0,0.9710784666666666,1.0,14566177,433823,0.0,963656.0,9636560.0
Jun2018 clipped UCB,6,20000000,failed,1844021,0.90717805,,18143561,1856439,130627333.92140786,132105481.3372878,
Zuo2024 clipped TS,6,20000000,failed,314053,0.9841925,,19683850,316150,1.077648476195321e+19,1.0776484761953464e+19,
Xu2021 observation-free UCB,6,20000000,simulated,980432.0,0.9779401,1.0,19558802,441198,0.0,980432.0,9804320.0
Xu2021 observation-free TS,6,20000000,simulated,980432.0,0.97793635,1.0,19558727,441273,0.0,980432.0,9804320.0
Jun2018 clipped UCB,6,25000000,failed,1977463,0.92038168,,23009542,1990458,126090667.92020985,127674880.46870993,
Zuo2024 clipped TS,6,25000000,failed,325250,0.98690396,,24672599,327401,1.1557103990158565e+19,1.1557103990158828e+19,
Xu2021 observation-free UCB,6,25000000,simulated,993446.0,0.98211772,1.0,24552943,447057,0.0,993446.0,9934460.0
Xu2021 observation-free TS,6,25000000,simulated,993446.0,0.98211072,1.0,24552768,447232,0.0,993446.0,9934460.0
Jun2018 clipped UCB,7,100000,failed,78974,0.20503,,20503,79497,22885395.49286635,22949258.27064365,
Zuo2024 clipped TS,7,100000,failed,64401,0.35162,,35162,64838,4.533325217483666e+17,4.53332521748418e+17,
Xu2021 observation-free UCB,7,100000,infeasible,671434.0,,,,,0.0,671434.0,6714340.0
Xu2021 observation-free TS,7,100000,infeasible,671434.0,,,,,0.0,671434.0,6714340.0
Jun2018 clipped UCB,7,250000,failed,175361,0.293956,,73489,176511,61080816.49640941,61222376.49640894,
Zuo2024 clipped TS,7,250000,failed,107910,0.56556,,141390,108610,1.271921304216176e+18,1.271921304216265e+18,
Xu2021 observation-free UCB,7,250000,infeasible,724872.0,,,,,0.0,724872.0,7248720.0
Xu2021 observation-free TS,7,250000,infeasible,724872.0,,,,,0.0,724872.0,7248720.0
Jun2018 clipped UCB,7,500000,failed,286946,0.422358,,211179,288821,98038611.8421893,98270553.61996993,
Zuo2024 clipped TS,7,500000,failed,139832,0.718474,,359237,140763,2.1364454770943644e+18,2.1364454770944737e+18,
Xu2021 observation-free UCB,7,500000,infeasible,765298.0,,,,,0.0,765298.0,7652980.0
Xu2021 observation-free TS,7,500000,infeasible,765298.0,,,,,0.0,765298.0,7652980.0
Jun2018 clipped UCB,7,1000000,failed,417892,0.579449,,579449,420551,125684690.52420284,126022236.19086824,
Zuo2024 clipped TS,7,1000000,failed,173923,0.824953,,824953,175047,3.3038010796703217e+18,3.303801079670461e+18,
Xu2021 observation-free UCB,7,1000000,simulated,805722.0,0.637417,1.0,637417,362583,0.0,805722.0,8057220.0
Xu2021 observation-free TS,7,1000000,simulated,805722.0,0.637343,1.0,637343,362657,0.0,805722.0,8057220.0
Jun2018 clipped UCB,7,2500000,failed,700488,0.7179436,,1794859,705141,126431046.64368607,126995432.42661636,
Zuo2024 clipped TS,7,2500000,failed,217069,0.9125936,,2281484,218516,5.148313554969014e+18,5.148313554969192e+18,
Xu2021 observation-free UCB,7,2500000,simulated,859160.0,0.8453476,1.0,2113369,386631,0.0,859160.0,8591600.0
Xu2021 observation-free TS,7,2500000,simulated,859160.0,0.8454408,1.0,2113602,386398,0.0,859160.0,8591600.0
Jun2018 clipped UCB,7,5000000,failed,1038899,0.790822,,3954110,1045890,127134592.05071889,127969674.27275743,
Zuo2024 clipped TS,7,5000000,failed,249329,0.9498092,,4749046,250954,6.790190728848206e+18,6.790190728848418e+18,
Xu2021 observation-free UCB,7,5000000,simulated,899584.0,0.919036,1.0,4595180,404820,0.0,899584.0,8995840.0
Xu2021 observation-free TS,7,5000000,simulated,899584.0,0.9189948,1.0,4594974,405026,0.0,899584.0,8995840.0
Jun2018 clipped UCB,7,10000000,failed,1430586,0.855982,,8559820,1440180,126832521.34577556,127980274.98528634,
Zuo2024 clipped TS,7,10000000,failed,281316,0.9716816,,9716816,283184,8.646302760734916e+18,8.646302760735146e+18,
Xu2021 observation-free UCB,7,10000000,simulated,940008.0,0.9576991,1.0,9576991,423009,0.0,940008.0,9400080.0
Xu2021 observation-free TS,7,10000000,simulated,940008.0,0.957703,1.0,9577030,422970,0.0,940008.0,9400080.0
Jun2018 clipped UCB,7,15000000,failed,1671840,0.8878018,,13317027,1682973,129463794.75635019,130804574.10482568,
Zuo2024 clipped TS,7,15000000,failed,300776,0.9798161333333333,,14697242,302758,9.88285694946419e+18,9.882856949464433e+18,
Xu2021 observation-free UCB,7,15000000,simulated,963656.0,0.9710902,1.0,14566353,433647,0.0,963656.0,9636560.0
Xu2021 observation-free TS,7,15000000,simulated,963656.0,0.9710881333333333,1.0,14566322,433678,0.0,963656.0,9636560.0
Jun2018 clipped UCB,7,20000000,failed,1844016,0.90717805,,18143561,1856439,127858893.76123008,129336977.80921125,
Zuo2024 clipped TS,7,20000000,failed,314722,0.9841579,,19683158,316842,1.0823705646073932e+19,1.0823705646074192e+19,
Xu2021 observation-free UCB,7,20000000,simulated,980432.0,0.9779401,1.0,19558802,441198,0.0,980432.0,9804320.0
Xu2021 observation-free TS,7,20000000,simulated,980432.0,0.9779397,1.0,19558794,441206,0.0,980432.0,9804320.0
Jun2018 clipped UCB,7,25000000,failed,1977265,0.92038432,,23009608,1990392,125165588.07434706,126749888.80521728,
Zuo2024 clipped TS,7,25000000,failed,324513,0.98693324,,24673331,326669,1.1505552086777704e+19,1.1505552086777983e+19,
Xu2021 observation-free UCB,7,25000000,simulated,993446.0,0.98211772,1.0,24552943,447057,0.0,993446.0,9934460.0
Xu2021 observation-free TS,7,25000000,simulated,993446.0,0.9821156,1.0,24552890,447110,0.0,993446.0,9934460.0
Jun2018 clipped UCB,8,100000,failed,79375,0.20086,,20086,79914,23125578.664010685,23189632.219566066,
Zuo2024 clipped TS,8,100000,failed,64281,0.35306,,35306,64694,4.513098952105968e+17,4.513098952106481e+17,
Xu2021 observation-free UCB,8,100000,infeasible,671434.0,,,,,0.0,671434.0,6714340.0
Xu2021 observation-free TS,8,100000,infeasible,671434.0,,,,,0.0,671434.0,6714340.0
Jun2018 clipped UCB,8,250000,failed,174162,0.298648,,74662,175338,59612198.06846531,59752868.29068655,
Zuo2024 clipped TS,8,250000,failed,109329,0.559648,,139912,110088,1.3067690862964308e+18,1.3067690862965184e+18,
Xu2021 observation-free UCB,8,250000,infeasible,724872.0,,,,,0.0,724872.0,7248720.0
Xu2021 observation-free TS,8,250000,infeasible,724872.0,,,,,0.0,724872.0,7248720.0
Jun2018 clipped UCB,8,500000,failed,289204,0.417958,,208979,291021,99942262.62276858,100175868.51165561,
Zuo2024 clipped TS,8,500000,failed,141976,0.714148,,357074,142926,2.2025612479051996e+18,2.202561247905314e+18,
Xu2021 observation-free UCB,8,500000,infeasible,765298.0,,,,,0.0,765298.0,7652980.0
Xu2021 observation-free TS,8,500000,infeasible,765298.0,,,,,0.0,765298.0,7652980.0
Jun2018 clipped UCB,8,1000000,failed,419729,0.577574,,577574,422426,123752037.36671652,124091373.14449187,
Zuo2024 clipped TS,8,1000000,failed,174192,0.824732,,824732,175268,3.3121206361937475e+18,3.3121206361938847e+18,
Xu2021 observation-free UCB,8,1000000,simulated,805722.0,0.637417,1.0,637417,362583,0.0,805722.0,8057220.0
Xu2021 observation-free TS,8,1000000,simulated,805722.0,0.637393,1.0,637393,362607,0.0,805722.0,8057220.0
Jun2018 clipped UCB,8,2500000,failed,700450,0.71794,,1794850,705150,124670940.38510968,125235078.74617383,
Zuo2024 clipped TS,8,2500000,failed,216026,0.91301,,2282525,217475,5.099366163917357e+18,5.099366163917529e+18,
Xu2021 observation-free UCB,8,2500000,simulated,859160.0,0.8453476,1.0,2113369,386631,0.0,859160.0,8591600.0
Xu2021 observation-free TS,8,2500000,simulated,859160.0,0.8453172,1.0,2113293,386707,0.0,859160.0,8591600.0
Jun2018 clipped UCB,8,5000000,failed,1039081,0.7908132,,3954066,1045934,125944261.74785726,126779270.16386406,
Zuo2024 clipped TS,8,5000000,failed,248733,0.949912,,4749560,250440,6.762404392309846e+18,6.762404392310043e+18,
Xu2021 observation-free UCB,8,5000000,simulated,899584.0,0.919036,1.0,4595180,404820,0.0,899584.0,8995840.0
Xu2021 observation-free TS,8,5000000,simulated,899584.0,0.9190412,1.0,4595206,404794,0.0,899584.0,8995840.0
Jun2018 clipped UCB,8,10000000,failed,1430651,0.8559793,,8559793,1440207,124025200.60355246,125172937.19180514,
Zuo2024 clipped TS,8,10000000,failed,281071,0.9717102,,9717102,282898,8.628833768738023e+18,8.62883376873825e+18,
Xu2021 observation-free UCB,8,10000000,simulated,940008.0,0.9576991,1.0,9576991,423009,0.0,940008.0,9400080.0
Xu2021 observation-free TS,8,10000000,simulated,940008.0,0.957696,1.0,9576960,423040,0.0,940008.0,9400080.0
Jun2018 clipped UCB,8,15000000,failed,1671713,0.8878114666666667,,13317172,1682828,128753228.43128914,130093745.88697152,
Zuo2024 clipped TS,8,15000000,failed,300713,0.9798216666666667,,14697325,302675,9.877437809464027e+18,9.877437809464285e+18,
Xu2021 observation-free UCB,8,15000000,simulated,963656.0,0.9710902,1.0,14566353,433647,0.0,963656.0,9636560.0
Xu2021 observation-free TS,8,15000000,simulated,963656.0,0.9710783333333334,1.0,14566175,433825,0.0,963656.0,9636560.0
Jun2018 clipped UCB,8,20000000,failed,1844185,0.90717715,,18143543,1856457,127617668.44429485,129096070.29149729,
Zuo2024 clipped TS,8,20000000,failed,314248,0.98418325,,19683665,316335,1.0789087797366135e+19,1.0789087797366372e+19,
Xu2021 observation-free UCB,8,20000000,simulated,980432.0,0.9779401,1.0,19558802,441198,0.0,980432.0,9804320.0
Xu2021 observation-free TS,8,20000000,simulated,980432.0,0.97794995,1.0,19558999,441001,0.0,980432.0,9804320.0
Jun2018 clipped UCB,8,25000000,failed,1977071,0.92038384,,23009596,1990404,125617954.87610619,127202178.64193548,
Zuo2024 clipped TS,8,25000000,failed,324797,0.98692372,,24673093,326907,1.1522270745568307e+19,1.1522270745568567e+19,
Xu2021 observation-free UCB,8,25000000,simulated,993446.0,0.98211772,1.0,24552943,447057,0.0,993446.0,9934460.0
Xu2021 observation-free TS,8,25000000,simulated,993446.0,0.98212172,1.0,24553043,446957,0.0,993446.0,9934460.0
Jun2018 clipped UCB,9,100000,failed,78753,0.20741,,20741,79259,22331918.48164563,22395484.259423304,
Zuo2024 clipped TS,9,100000,failed,63015,0.36555,,36555,63445,4.34045485733137e+17,4.340454857331883e+17,
Xu2021 observation-free UCB,9,100000,infeasible,671434.0,,,,,0.0,671434.0,6714340.0
Xu2021 observation-free TS,9,100000,infeasible,671434.0,,,,,0.0,671434.0,6714340.0
Jun2018 clipped UCB,9,250000,failed,174280,0.298292,,74573,175427,59655242.91168553,59796046.80057336,
Zuo2024 clipped TS,9,250000,failed,109605,0.558856,,139714,110286,1.311463121680273e+18,1.3114631216803604e+18,
Xu2021 observation-free UCB,9,250000,infeasible,724872.0,,,,,0.0,724872.0,7248720.0
Xu2021 observation-free TS,9,250000,infeasible,724872.0,,,,,0.0,724872.0,7248720.0
Jun2018 clipped UCB,9,500000,failed,286760,0.422854,,211427,288573,97814756.92254421,98046629.8114329,
Zuo2024 clipped TS,9,500000,failed,141480,0.715188,,357594,142406,2.1865783615429332e+18,2.1865783615430464e+18,
Xu2021 observation-free UCB,9,500000,infeasible,765298.0,,,,,0.0,765298.0,7652980.0
Xu2021 observation-free TS,9,500000,infeasible,765298.0,,,,,0.0,765298.0,7652980.0
Jun2018 clipped UCB,9,1000000,failed,418833,0.578429,,578429,421571,126698633.14799987,127036992.1479989,
Zuo2024 clipped TS,9,1000000,failed,175878,0.822939,,822939,177061,3.3802248876162417e+18,3.380224887616383e+18,
Xu2021 observation-free UCB,9,1000000,simulated,805722.0,0.637417,1.0,637417,362583,0.0,805722.0,8057220.0
Xu2021 observation-free TS,9,1000000,simulated,805722.0,0.637286,1.0,637286,362714,0.0,805722.0,8057220.0
Jun2018 clipped UCB,9,2500000,failed,700539,0.7179364,,1794841,705159,125923420.03442854,126488007.08423313,
Zuo2024 clipped TS,9,2500000,failed,217553,0.9124168,,2281042,218958,5.169195641433732e+18,5.169195641433904e+18,
Xu2021 observation-free UCB,9,2500000,simulated,859160.0,0.8453476,1.0,2113369,386631,0.0,859160.0,8591600.0
Xu2021 observation-free TS,9,2500000,simulated,859160.0,0.8453424,1.0,2113356,386644,0.0,859160.0,8591600.0
Jun2018 clipped UCB,9,5000000,failed,1038885,0.790813,,3954065,1045935,124120582.42649497,124955556.45654148,
Zuo2024 clipped TS,9,5000000,failed,248709,0.9499302,,4749651,250349,6.75749073622384e+18,6.757490736224033e+18,
Xu2021 observation-free UCB,9,5000000,simulated,899584.0,0.919036,1.0,4595180,404820,0.0,899584.0,8995840.0
Xu2021 observation-free TS,9,5000000,simulated,899584.0,0.9190416,1.0,4595208,404792,0.0,899584.0,8995840.0
Jun2018 clipped UCB,9,10000000,failed,1430530,0.8559838,,8559838,1440162,129110621.95490672,130258658.0742243,
Zuo2024 clipped TS,9,10000000,failed,282306,0.9715846,,9715846,284154,8.705621563139152e+18,8.705621563139387e+18,
Xu2021 observation-free UCB,9,10000000,simulated,940008.0,0.9576991,1.0,9576991,423009,0.0,940008.0,9400080.0
Xu2021 observation-free TS,9,10000000,simulated,940008.0,0.9577038,1.0,9577038,422962,0.0,940008.0,9400080.0
Jun2018 clipped UCB,9,15000000,failed,1671936,0.8878024,,13317036,1682964,124832454.46594211,126173934.3798958,
Zuo2024 clipped TS,9,15000000,failed,300886,0.97981,,14697150,302850,9.888840396748714e+18,9.888840396748954e+18,
Xu2021 observation-free UCB,9,15000000,simulated,963656.0,0.9710902,1.0,14566353,433647,0.0,963656.0,9636560.0
Xu2021 observation-free TS,9,15000000,simulated,963656.0,0.9710782,1.0,14566173,433827,0.0,963656.0,9636560.0
Jun2018 clipped UCB,9,20000000,failed,1844064,0.9071758,,18143516,1856484,127634217.14106062,129112311.83922304,
Zuo2024 clipped TS,9,20000000,failed,314481,0.9841709,,19683418,316582,1.0805929928759878e+19,1.0805929928760136e+19,
Xu2021 observation-free UCB,9,20000000,simulated,980432.0,0.9779401,1.0,19558802,441198,0.0,980432.0,9804320.0
Xu2021 observation-free TS,9,20000000,simulated,980432.0,0.9779409,1.0,19558818,441182,0.0,980432.0,9804320.0
Jun2018 clipped UCB,9,25000000,failed,1977004,0.92038924,,23009731,1990269,125548191.49435794,127132082.25113015,
Zuo2024 clipped TS,9,25000000,failed,324497,0.98693616,,24673404,326596,1.150036034758825e+19,1.1500360347588526e+19,
Xu2021 observation-free UCB,9,25000000,simulated,993446.0,0.98211772,1.0,24552943,447057,0.0,993446.0,9934460.0
Xu2021 observation-free TS,9,25000000,simulated,993446.0,0.9821178,1.0,24552945,447055,0.0,993446.0,9934460.0
